구분번호,대통령,글제목,연설일자,원문보기,연설장소
1307296,노태우,제13대 대통령 취임사,1988-02-25,http://dams.pa.go.kr:8888/dams/DOCUMENT/2009/11/26/DOC/SRC/0104200911264087400040874012841.PDF,국내
1307297,노태우,제69주년 3·1절 기념사,1988-03-01,http://dams.pa.go.kr:8888/dams/DOCUMENT/2009/11/26/DOC/SRC/0104200911264087500040875012842.PDF,국내
1307298,노태우,민주정의당 제13대 국회의원후보자 공천장 수여식 연설,1988-03-19,http://dams.pa.go.kr:8888/dams/DOCUMENT/2009/11/26/DOC/SRC/0104200911264087600040876012843.PDF,국내
1307299,노태우,민주평화통일자문회의 오찬 연설,1988-03-24,http://dams.pa.go.kr:8888/dams/DOCUMENT/2009/11/26/DOC/SRC/0104200911264087700040877012844.PDF,국내
1307300,노태우,공군사관학교 제36기 졸업 및 임관식 치사,1988-03-25,http://dams.pa.go.kr:8888/dams/DOCUMENT/2009/11/26/DOC/SRC/0104200911264087800040878012845.PDF,국내
1307301,노태우,육군사관학교 제44기 졸업 및 임관식 치사,1988-03-29,http://dams.pa.go.kr:8888/dams/DOCUMENT/2009/11/26/DOC/SRC/0104200911264087900040879012846.PDF,국내
1307303,노태우,민주정의당 지구당 창당대회 총재 치사,1988-03-30,http://dams.pa.go.kr:8888/dams/DOCUMENT/2009/11/26/DOC/SRC/0104200911264088100040881012848.PDF,국내
1307302,노태우,재외공관장회의 참석자들을 위한 만찬 연설,1988-03-30,http://dams.pa.go.kr:8888/dams/DOCUMENT/2009/11/26/DOC/SRC/0104200911264088000040880012847.PDF,국내
1307305,노태우,경찰대학 제4기 졸업 및 임관식 치사,1988-04-01,http://dams.pa.go.kr:8888/dams/DOCUMENT/2009/11/26/DOC/SRC/0104200911264088300040883012850.PDF,국내
1307304,노태우,월간현대문학 통권400호 축하서한,1988-04-01,http://dams.pa.go.kr:8888/dams/DOCUMENT/2009/11/26/DOC/SRC/0104200911264088200040882012849.PDF,국내
1307306,노태우,향토예비군 창설 제20주년 기념일에 즈음한 담화,1988-04-02,http://dams.pa.go.kr:8888/dams/DOCUMENT/2009/11/26/DOC/SRC/0104200911264088400040884012851.PDF,국내
1307307,노태우,해군사관학교 제42기 졸업 및 임관식 치사,1988-04-07,http://dams.pa.go.kr:8888/dams/DOCUMENT/2009/11/26/DOC/SRC/0104200911264088500040885012852.PDF,국내
1307309,노태우,광주·전남지역 각계인사 초청 다과회 연설,1988-04-15,http://dams.pa.go.kr:8888/dams/DOCUMENT/2009/11/26/DOC/SRC/0104200911264088700040887012854.PDF,국내
1307308,노태우,민주평화통일자문회의 자문위원에게 보내는 친서,1988-04-15,http://dams.pa.go.kr:8888/dams/DOCUMENT/2009/11/26/DOC/SRC/0104200911264088600040886012853.PDF,국내
1307310,노태우,취임 후 첫 기자회견,1988-04-21,http://dams.pa.go.kr:8888/dams/DOCUMENT/2009/11/26/DOC/SRC/0104200911264088800040888012855.PDF,국내
1307311,노태우,서울지역 각계인사 초청 다과회 연설,1988-04-22,http://dams.pa.go.kr:8888/dams/DOCUMENT/2009/11/26/DOC/SRC/0104200911264088900040889012856.PDF,국내
1307312,노태우,민주정의당 지구당위원장 접견시 연설,1988-05-02,http://dams.pa.go.kr:8888/dams/DOCUMENT/2009/11/26/DOC/SRC/0104200911264089000040890012857.PDF,국내
1307313,노태우,예순 여섯번째 어린이 날을 맞아 어린이들에게 보내는 말씀,1988-05-05,http://dams.pa.go.kr:8888/dams/DOCUMENT/2009/11/26/DOC/SRC/0104200911264089100040891012858.PDF,국내
1307314,노태우,소년조선일보 서면회견,1988-05-05,http://dams.pa.go.kr:8888/dams/DOCUMENT/2009/11/26/DOC/SRC/0104200911264089200040892012859.PDF,국내
1307315,노태우,소년한국일보 서면회견,1988-05-05,http://dams.pa.go.kr:8888/dams/DOCUMENT/2009/11/26/DOC/SRC/0104200911264089300040893012860.PDF,국내
1307316,노태우,청와대국무회의에서의 지시,1988-05-09,http://dams.pa.go.kr:8888/dams/DOCUMENT/2009/11/26/DOC/SRC/0104200911264089400040894012861.PDF,국내
1307317,노태우,제13대 국회 개원식 연설,1988-05-30,http://dams.pa.go.kr:8888/dams/DOCUMENT/2009/11/26/DOC/SRC/0104200911264089500040895012862.PDF,국내
1307318,노태우,미국 유 에스 에이 투데이지 회견,1988-06-03,http://dams.pa.go.kr:8888/dams/DOCUMENT/2009/11/26/DOC/SRC/0104200911264089600040896012863.PDF,국내
1307319,노태우,한국일보 창간34돌 기념 특별회견,1988-06-09,http://dams.pa.go.kr:8888/dams/DOCUMENT/2009/11/26/DOC/SRC/0104200911264089700040897012864.PDF,국내
1307320,노태우,6·29선언 1주년 기자간담회,1988-06-28,http://dams.pa.go.kr:8888/dams/DOCUMENT/2009/11/26/DOC/SRC/0104200911264089800040898012865.PDF,국내
1307321,노태우,6·29선언 1주년 기념민정신문특별회견,1988-06-28,http://dams.pa.go.kr:8888/dams/DOCUMENT/2009/11/26/DOC/SRC/0104200911264089900040899012866.PDF,국내
1307322,노태우,리관유 싱가폴 수상내외를 위한 만찬 만찬사,1988-07-06,http://dams.pa.go.kr:8888/dams/DOCUMENT/2009/11/26/DOC/SRC/0104200911264090000040900012867.PDF,국내
1307323,노태우,민족자존과 통일번영을 위한 특별선언,1988-07-07,http://dams.pa.go.kr:8888/dams/DOCUMENT/2009/11/26/DOC/SRC/0104200911264090100040901012868.PDF,국내
1307324,노태우,광양제철소 제2기 종합준공식 치사,1988-07-12,http://dams.pa.go.kr:8888/dams/DOCUMENT/2009/11/26/DOC/SRC/0104200911264090200040902012869.PDF,국내
1307325,노태우,제43주년 광복절 경축사,1988-08-15,http://dams.pa.go.kr:8888/dams/DOCUMENT/2009/11/26/DOC/SRC/0104200911264090300040903012870.PDF,국내
1307326,노태우,청와대 국무회의에서의 지시,1988-09-02,http://dams.pa.go.kr:8888/dams/DOCUMENT/2009/11/26/DOC/SRC/0104200911264090400040904012871.PDF,국내
1307327,노태우,미국 타임지 회견,1988-09-05,http://dams.pa.go.kr:8888/dams/DOCUMENT/2009/11/26/DOC/SRC/0104200911264090500040905012872.PDF,국내
1307328,노태우,미국 뉴스위크지 회견,1988-09-05,http://dams.pa.go.kr:8888/dams/DOCUMENT/2009/11/26/DOC/SRC/0104200911264090600040906012873.PDF,국내
1307329,노태우,미국 NBC TV 회견,1988-09-12,http://dams.pa.go.kr:8888/dams/DOCUMENT/2009/11/26/DOC/SRC/0104200911264090700040907012874.PDF,국내
1307330,노태우,일본 AERA지 서면회견,1988-09-13,http://dams.pa.go.kr:8888/dams/DOCUMENT/2009/11/26/DOC/SRC/0104200911264090800040908012875.PDF,국내
1307331,노태우,서울올림픽 개막에 즈음한 특별담화,1988-09-14,http://dams.pa.go.kr:8888/dams/DOCUMENT/2009/11/26/DOC/SRC/0104200911264090900040909012876.PDF,국내
1307332,노태우,서울올림픽 참관 외빈내외를 위한 만찬 연설,1988-09-17,http://dams.pa.go.kr:8888/dams/DOCUMENT/2009/11/26/DOC/SRC/0104200911264091000040910012877.PDF,국내
1307333,노태우,프랑스르 몽드지 회견,1988-09-17,http://dams.pa.go.kr:8888/dams/DOCUMENT/2009/11/26/DOC/SRC/0104200911264091100040911012878.PDF,국내
1307334,노태우,중앙일보 창간23주년 기념 특별회견,1988-09-22,http://dams.pa.go.kr:8888/dams/DOCUMENT/2009/11/26/DOC/SRC/0104200911264091200040912012879.PDF,국내
1307335,노태우,독일 ZDF TV 회견,1988-09-23,http://dams.pa.go.kr:8888/dams/DOCUMENT/2009/11/26/DOC/SRC/0104200911264091300040913012880.PDF,국내
1307338,노태우,서울올림픽의 성공적 개최에 즈음하여 일본에 계시는 동포께 드리는 감사말씀,1988-10-03,http://dams.pa.go.kr:8888/dams/DOCUMENT/2009/11/26/DOC/SRC/0104200911264091600040916012883.PDF,국제
1307336,노태우,서울올림픽 개막에 즈음하여 국민께 드리는 감사말씀,1988-10-03,http://dams.pa.go.kr:8888/dams/DOCUMENT/2009/11/26/DOC/SRC/0104200911264091400040914012881.PDF, 국내
1307337,노태우,서울올림픽의 성공적 개최에 즈음하여 해외동포께 드리는 감사말씀,1988-10-03,http://dams.pa.go.kr:8888/dams/DOCUMENT/2009/11/26/DOC/SRC/0104200911264091500040915012882.PDF,국제
1307339,노태우,1989년도 예산안 제출에 즈음한 국정연설,1988-10-04,http://dams.pa.go.kr:8888/dams/DOCUMENT/2009/11/26/DOC/SRC/0104200911264091700040917012884.PDF,국내
1307340,노태우,제8회 서울장애자 올림픽대회 개회선언,1988-10-15,http://dams.pa.go.kr:8888/dams/DOCUMENT/2009/11/26/DOC/SRC/0104200911264091800040918012885.PDF,국내
1307342,노태우,[유엔총회 연설을 위한 미국 방문] 유엔총회 연설-한반도에 화해와 통일을 여는 길,1988-10-18,http://dams.pa.go.kr:8888/dams/DOCUMENT/2009/11/26/DOC/SRC/0104200911264092000040920012887.PDF,국제
1307344,노태우,[유엔총회 연설을 위한 미국 방문] 미국 동부지역교민 초청리셉션 연설,1988-10-19,http://dams.pa.go.kr:8888/dams/DOCUMENT/2009/11/26/DOC/SRC/0104200911264092200040922012889.PDF,국제
1307343,노태우,[유엔총회 연설을 위한 미국 방문] 미국 외교협회 및 아시아협회 공동주최 오찬 연설-한국의 새시대 : 민주주의·번영·통일의 장래,1988-10-19,http://dams.pa.go.kr:8888/dams/DOCUMENT/2009/11/26/DOC/SRC/0104200911264092100040921012888.PDF,국제
1307346,노태우,[유엔총회 연설을 위한 미국 방문] 미국 월 스트리트 저널지 회견,1988-10-20,http://dams.pa.go.kr:8888/dams/DOCUMENT/2009/11/26/DOC/SRC/0104200911264092400040924012891.PDF,국제
1307345,노태우,[유엔총회 연설을 위한 미국 방문] 미국 하와이교민 초청 리셉션 연설,1988-10-20,http://dams.pa.go.kr:8888/dams/DOCUMENT/2009/11/26/DOC/SRC/0104200911264092300040923012890.PDF,국제
1307347,노태우,[유엔총회 연설을 위한 미국 방문] 방미 수행기자단 간담회,1988-10-20,http://dams.pa.go.kr:8888/dams/DOCUMENT/2009/11/26/DOC/SRC/0104200911264092500040925012892.PDF,국제
1307341,노태우,1988년도 추가경정예산안 제출에 즈음한 시정연설,1988-10-27,http://dams.pa.go.kr:8888/dams/DOCUMENT/2009/11/26/DOC/SRC/0104200911264091900040919012886.PDF,국내
1307348,노태우,[아·태지역 4개국 순방] 아·태지역 4개국 순방 출국인사,1988-11-03,http://dams.pa.go.kr:8888/dams/DOCUMENT/2009/11/26/DOC/SRC/0104200911264092600040926012893.PDF,국내
1307349,노태우,[아·태지역 4개국 순방] 이스칸달 말레이시아 국왕내외 주최 만찬 답사,1988-11-03,http://dams.pa.go.kr:8888/dams/DOCUMENT/2009/11/26/DOC/SRC/0104200911264092700040927012894.PDF,국제
1307350,노태우,[아·태지역 4개국 순방] 말레이시아 교민 초청 리셉션 연설,1988-11-04,http://dams.pa.go.kr:8888/dams/DOCUMENT/2009/11/26/DOC/SRC/0104200911264092800040928012895.PDF,국제
1307351,노태우,[아·태지역 4개국 순방] 호주 ABC TV회견,1988-11-04,http://dams.pa.go.kr:8888/dams/DOCUMENT/2009/11/26/DOC/SRC/0104200911264092900040929012896.PDF,국제
1307352,노태우,[아·태지역 4개국 순방] 호주 교민 초청 리셉션 연설,1988-11-06,http://dams.pa.go.kr:8888/dams/DOCUMENT/2009/11/26/DOC/SRC/0104200911264093000040930012897.PDF,국제
1307353,노태우,[아·태지역 4개국 순방] 호주 경제단체 초청연설,1988-11-07,http://dams.pa.go.kr:8888/dams/DOCUMENT/2009/11/26/DOC/SRC/0104200911264093100040931012898.PDF,국제
1307354,노태우,[아·태지역 4개국 순방] 그라이너 호주 뉴 사우스 웨일즈 주수상 주최 오찬 연설,1988-11-07,http://dams.pa.go.kr:8888/dams/DOCUMENT/2009/11/26/DOC/SRC/0104200911264093200040932012899.PDF,국제
1307355,노태우,[아·태지역 4개국 순방] 호크 호주 수상내외 주최 오찬 답사,1988-11-08,http://dams.pa.go.kr:8888/dams/DOCUMENT/2009/11/26/DOC/SRC/0104200911264093300040933012900.PDF,국제
1307356,노태우,[아·태지역 4개국 순방] 수하르토 인도네시아 대통령내외 주최 만찬 답사,1988-11-09,http://dams.pa.go.kr:8888/dams/DOCUMENT/2009/11/26/DOC/SRC/0104200911264093400040934012901.PDF,국제
1307357,노태우,[아·태지역 4개국 순방] 인도네시아교민 초청리셉션 연설,1988-11-10,http://dams.pa.go.kr:8888/dams/DOCUMENT/2009/11/26/DOC/SRC/0104200911264093500040935012902.PDF,국제
1307358,노태우,[아·태지역 4개국 순방] 수캄다니 인도네시아 상의회장 주최 오찬 연설,1988-11-11,http://dams.pa.go.kr:8888/dams/DOCUMENT/2009/11/26/DOC/SRC/0104200911264093600040936012903.PDF,국제
1307359,노태우,[아·태지역 4개국 순방] 볼키아 브루나이 국왕내외 주최 만찬 답사,1988-11-12,http://dams.pa.go.kr:8888/dams/DOCUMENT/2009/11/26/DOC/SRC/0104200911264093700040937012904.PDF,국제
1307360,노태우,[아·태지역 4개국 순방] 브루나이교민 초청리셉션 연설,1988-11-13,http://dams.pa.go.kr:8888/dams/DOCUMENT/2009/11/26/DOC/SRC/0104200911264093800040938012905.PDF,국제
1307361,노태우,[아·태지역 4개국 순방] 아·태지역 4개국 순방 수행기자단 간담회,1988-11-13,http://dams.pa.go.kr:8888/dams/DOCUMENT/2009/11/26/DOC/SRC/0104200911264093900040939012906.PDF,국제
1307362,노태우,[아·태지역 4개국 순방] 아·태지역 4개국 순방 귀국인사,1988-11-14,http://dams.pa.go.kr:8888/dams/DOCUMENT/2009/11/26/DOC/SRC/0104200911264094000040940012907.PDF,국내
1307363,노태우,서울신문 창간43주년 기념 특별회견,1988-11-22,http://dams.pa.go.kr:8888/dams/DOCUMENT/2009/11/26/DOC/SRC/0104200911264094100040941012908.PDF,국내
1307364,노태우,시국과 관련하여 국민에게 드리는 말씀,1988-11-26,http://dams.pa.go.kr:8888/dams/DOCUMENT/2009/11/26/DOC/SRC/0104200911264094200040942012909.PDF,국내
1307365,노태우,국방대학원 졸업식 치사,1988-12-13,http://dams.pa.go.kr:8888/dams/DOCUMENT/2009/11/26/DOC/SRC/0104200911264094300040943012910.PDF,국내
1307366,노태우,연합통신 창사8주년 기념 특별회견,1988-12-19,http://dams.pa.go.kr:8888/dams/DOCUMENT/2009/11/26/DOC/SRC/0104200911264094400040944012911.PDF,국내
1307367,노태우,주한 미군장병에게 보내는 성탄절 메시지,1988-12-25,http://dams.pa.go.kr:8888/dams/DOCUMENT/2009/11/26/DOC/SRC/0104200911264094500040945012912.PDF,국제
1307368,노태우,서울올림픽 문화행사 참여인사를 위한 오찬 연설,1988-12-26,http://dams.pa.go.kr:8888/dams/DOCUMENT/2009/11/26/DOC/SRC/0104200911264094600040946012913.PDF,국내
1307369,노태우,당정회의시 민생치안에 관한 특별지시,1988-12-28,http://dams.pa.go.kr:8888/dams/DOCUMENT/2009/11/26/DOC/SRC/0104200911264094700040947012914.PDF,국내
1307370,노태우,일본산경신문 회견,1988-12-29,http://dams.pa.go.kr:8888/dams/DOCUMENT/2009/11/26/DOC/SRC/0104200911264094800040948012915.PDF,국내
1307371,노태우,1989년도 신년사,1989-01-01,http://dams.pa.go.kr:8888/dams/DOCUMENT/2009/11/26/DOC/SRC/0104200911264094900040949012916.PDF,국내
1307372,노태우,민정신문 신년호 총재 신년사,1989-01-01,http://dams.pa.go.kr:8888/dams/DOCUMENT/2009/11/26/DOC/SRC/0104200911264095000040950012917.PDF,국내
1307373,노태우,민주정의당 창당 제8주년 기념식 기념사,1989-01-14,http://dams.pa.go.kr:8888/dams/DOCUMENT/2009/11/26/DOC/SRC/0104200911264095100040951012918.PDF,국내
1307374,노태우,1989년 연두 기자회견,1989-01-17,http://dams.pa.go.kr:8888/dams/DOCUMENT/2009/11/26/DOC/SRC/0104200911264095200040952012919.PDF,국내
1307376,노태우,1989년도 각부처 업무보고에 대한 지시,1989-01-30,http://dams.pa.go.kr:8888/dams/DOCUMENT/2009/11/26/DOC/SRC/0104200911264095400040954012921.PDF,국제
1307375,노태우,호크 호주 수상내외를 위한 만찬 만찬사,1989-01-30,http://dams.pa.go.kr:8888/dams/DOCUMENT/2009/11/26/DOC/SRC/0104200911264095300040953012920.PDF,국내
1307377,노태우,주한 외교단을 위한 만찬연설,1989-02-02,http://dams.pa.go.kr:8888/dams/DOCUMENT/2009/11/26/DOC/SRC/0104200911264095500040955012922.PDF,국내
1307378,노태우,한국전쟁기념사업회 창립축하 만찬연설,1989-02-03,http://dams.pa.go.kr:8888/dams/DOCUMENT/2009/11/26/DOC/SRC/0104200911264095600040956012923.PDF,국내
1307379,노태우,군산·장항 광역산업기지 건설 기공식 치사,1989-02-20,http://dams.pa.go.kr:8888/dams/DOCUMENT/2009/11/26/DOC/SRC/0104200911264095700040957012924.PDF,국내
1307381,노태우,보통사람들의 밤에서의 총재 연설,1989-02-24,http://dams.pa.go.kr:8888/dams/DOCUMENT/2009/11/26/DOC/SRC/0104200911264095900040959012926.PDF,국내
1307380,노태우,청와대 출입기자 오찬간담회,1989-02-24,http://dams.pa.go.kr:8888/dams/DOCUMENT/2009/11/26/DOC/SRC/0104200911264095800040958012925.PDF,국내
1307382,노태우,한·미 정상회담후 언론발표문,1989-02-27,http://dams.pa.go.kr:8888/dams/DOCUMENT/2009/11/26/DOC/SRC/0104200911264096000040960012927.PDF,국내
1307383,노태우,제70주년 3·1절 기념사,1989-03-01,http://dams.pa.go.kr:8888/dams/DOCUMENT/2009/11/26/DOC/SRC/0104200911264096100040961012928.PDF,국내
1307384,노태우,중간평가와 관련하여 국민께 드리는 말씀,1989-03-20,http://dams.pa.go.kr:8888/dams/DOCUMENT/2009/11/26/DOC/SRC/0104200911264096200040962012929.PDF,국내
1307385,노태우,육군사관학교 제45기 졸업 및 임관식 치사,1989-03-21,http://dams.pa.go.kr:8888/dams/DOCUMENT/2009/11/26/DOC/SRC/0104200911264096300040963012930.PDF,국내
1307386,노태우,매일경제신문 창간 23돌 기념 특별회견,1989-03-24,http://dams.pa.go.kr:8888/dams/DOCUMENT/2009/11/26/DOC/SRC/0104200911264096400040964012931.PDF,국내
1307387,노태우,공군사관학교 제37기 졸업 및 임관식 치사,1989-03-28,http://dams.pa.go.kr:8888/dams/DOCUMENT/2009/11/26/DOC/SRC/0104200911264096500040965012932.PDF,국내
1307388,노태우,영구임대주택 건설 기공식 치사,1989-03-30,http://dams.pa.go.kr:8888/dams/DOCUMENT/2009/11/26/DOC/SRC/0104200911264096600040966012933.PDF,국내
1307390,노태우,경찰대학 제5기 졸업 및 임관식 치사,1989-03-31,http://dams.pa.go.kr:8888/dams/DOCUMENT/2009/11/26/DOC/SRC/0104200911264096800040968012935.PDF,국내
1307389,노태우,민주정의당 도봉갑 지구당 임시대회 총재 치사,1989-03-31,http://dams.pa.go.kr:8888/dams/DOCUMENT/2009/11/26/DOC/SRC/0104200911264096700040967012934.PDF,국내
1307391,노태우,해군사관학교 제43기 졸업 및 임관식 치사,1989-04-07,http://dams.pa.go.kr:8888/dams/DOCUMENT/2009/11/26/DOC/SRC/0104200911264096900040969012936.PDF,국내
1307392,노태우,국가조찬신도회 인사말,1989-05-02,http://dams.pa.go.kr:8888/dams/DOCUMENT/2009/11/26/DOC/SRC/0104200911264097000040970012937.PDF,국내
1307393,노태우,부산 동의대학교 참사와 관련하여 국민께 드리는 말씀,1989-05-03,http://dams.pa.go.kr:8888/dams/DOCUMENT/2009/11/26/DOC/SRC/0104200911264097100040971012938.PDF,국내
1307394,노태우,나라와 민족을 위한 신원법회 인사말,1989-05-03,http://dams.pa.go.kr:8888/dams/DOCUMENT/2009/11/26/DOC/SRC/0104200911264097200040972012939.PDF,국내
1307395,노태우,예순 일곱번째 어린이날을 맞아 어린이에게 보내는 말씀,1989-05-05,http://dams.pa.go.kr:8888/dams/DOCUMENT/2009/11/26/DOC/SRC/0104200911264097300040973012940.PDF,국내
1307396,노태우,국제로터리클럽 1989서울대회 대표를 위한 오찬 연설,1989-05-20,http://dams.pa.go.kr:8888/dams/DOCUMENT/2009/11/26/DOC/SRC/0104200911264097400040974012941.PDF,국내
1307397,노태우,국제간호협의회 제19차 서울총회에 보내는 메시지,1989-05-31,http://dams.pa.go.kr:8888/dams/DOCUMENT/2009/11/26/DOC/SRC/0104200911264097500040975012942.PDF,국제
1307398,노태우,국제간호협의회 대표 초청 오찬 연설,1989-06-01,http://dams.pa.go.kr:8888/dams/DOCUMENT/2009/11/26/DOC/SRC/0104200911264097600040976012943.PDF,국제
1307399,노태우,민주정의당 지구당 임시대회 총재 치사,1989-06-02,http://dams.pa.go.kr:8888/dams/DOCUMENT/2009/11/26/DOC/SRC/0104200911264097700040977012944.PDF,국내
1307400,노태우,제17회 세계 환경의 날을 맞아 국민께 드리는 말씀,1989-06-05,http://dams.pa.go.kr:8888/dams/DOCUMENT/2009/11/26/DOC/SRC/0104200911264097800040978012945.PDF,국내
1307401,노태우,라디오 주례방송(1) '호국보훈의 달을 맞으면서',1989-06-05,http://dams.pa.go.kr:8888/dams/DOCUMENT/2009/11/26/DOC/SRC/0104200911264097900040979012946.PDF,국내
1307402,노태우,한국일보 창간 35돌 기념 특별회견,1989-06-09,http://dams.pa.go.kr:8888/dams/DOCUMENT/2009/11/26/DOC/SRC/0104200911264098000040980012947.PDF,국내
1307403,노태우,라디오 주례방송(2) '우리 경제의 어려움을 이겨가는 길',1989-06-12,http://dams.pa.go.kr:8888/dams/DOCUMENT/2009/11/26/DOC/SRC/0104200911264098100040981012948.PDF,국제
1307404,노태우,라디오 주례방송(3) '주택문제의 해결을 위하여',1989-06-19,http://dams.pa.go.kr:8888/dams/DOCUMENT/2009/11/26/DOC/SRC/0104200911264098200040982012949.PDF,국제
1307405,노태우,제2회 세계한민족대표자회의 메시지,1989-06-23,http://dams.pa.go.kr:8888/dams/DOCUMENT/2009/11/26/DOC/SRC/0104200911264098300040983012950.PDF,국제
1307406,노태우,라디오 주례방송(4) '6·29 두돌을 맞으며',1989-06-26,http://dams.pa.go.kr:8888/dams/DOCUMENT/2009/11/26/DOC/SRC/0104200911264098400040984012951.PDF,국내
1307408,노태우,서울 상주 및 방한 외신기자단 회견,1989-06-28,http://dams.pa.go.kr:8888/dams/DOCUMENT/2009/11/26/DOC/SRC/0104200911264098600040986012953.PDF,국내
1307407,노태우,6·29선언 2주년 기념 민정신문 특별회견,1989-06-28,http://dams.pa.go.kr:8888/dams/DOCUMENT/2009/11/26/DOC/SRC/0104200911264098500040985012952.PDF,국내
1307409,노태우,6·29 선언 2주년 기념리셉션 연설,1989-06-29,http://dams.pa.go.kr:8888/dams/DOCUMENT/2009/11/26/DOC/SRC/0104200911264098700040987012954.PDF,국내
1307410,노태우,라디오 주례방송(5) '북방정책과 남북한 관계',1989-07-03,http://dams.pa.go.kr:8888/dams/DOCUMENT/2009/11/26/DOC/SRC/0104200911264098800040988012955.PDF,국내
1307411,노태우,"라디오 주례방송(6) '초,중등교육의 발전을 위하여'",1989-07-10,http://dams.pa.go.kr:8888/dams/DOCUMENT/2009/11/26/DOC/SRC/0104200911264098900040989012956.PDF,국내
1307412,노태우,라디오 주례방송(7) '헌법을 다시 읽으며',1989-07-17,http://dams.pa.go.kr:8888/dams/DOCUMENT/2009/11/26/DOC/SRC/0104200911264099000040990012957.PDF,국내
1307413,노태우,라디오 주례방송(8) '대학생들에게(1)',1989-07-24,http://dams.pa.go.kr:8888/dams/DOCUMENT/2009/11/26/DOC/SRC/0104200911264099100040991012958.PDF,국내
1307414,노태우,라디오 주례방송(9) '재난의 극복을 위하여',1989-07-31,http://dams.pa.go.kr:8888/dams/DOCUMENT/2009/11/26/DOC/SRC/0104200911264099200040992012959.PDF,국내
1307415,노태우,라디오 주례방송(10) '대학생들에게(2)',1989-08-07,http://dams.pa.go.kr:8888/dams/DOCUMENT/2009/11/26/DOC/SRC/0104200911264099300040993012960.PDF,국내
1307416,노태우,라디오 주례방송(11) '민족사에 영광을 이루는 다섯가지 과업',1989-08-14,http://dams.pa.go.kr:8888/dams/DOCUMENT/2009/11/26/DOC/SRC/0104200911264099400040994012961.PDF,국내
1307417,노태우,제44주년 광부절 경축사,1989-08-15,http://dams.pa.go.kr:8888/dams/DOCUMENT/2009/11/26/DOC/SRC/0104200911264099500040995012962.PDF,국내
1307418,노태우,농민신문 창간 25주년 기념 특별회견,1989-08-17,http://dams.pa.go.kr:8888/dams/DOCUMENT/2009/11/26/DOC/SRC/0104200911264099600040996012963.PDF,국내
1307419,노태우,라디오 주례방송(12) '다시 수출에 눈을 돌리자',1989-08-21,http://dams.pa.go.kr:8888/dams/DOCUMENT/2009/11/26/DOC/SRC/0104200911264099700040997012964.PDF,국내
1307420,노태우,라디오 주례방송(13) '협소한 국토위에 더불어 사는 지혜',1989-08-28,http://dams.pa.go.kr:8888/dams/DOCUMENT/2009/11/26/DOC/SRC/0104200911264099800040998012965.PDF,국내
1307421,노태우,라디오 주례방송(14) '국토의 균형발전',1989-09-04,http://dams.pa.go.kr:8888/dams/DOCUMENT/2009/11/26/DOC/SRC/0104200911264099900040999012966.PDF,국내
1307422,노태우,라디오 주례방송(15) '서울올림픽 1주년을 맞아',1989-09-11,http://dams.pa.go.kr:8888/dams/DOCUMENT/2009/11/26/DOC/SRC/0104200911264100000041000012967.PDF,국내
1307423,노태우,"제147회 정기대회 본회의, 민족통일과 관련한 특별연설",1989-09-11,http://dams.pa.go.kr:8888/dams/DOCUMENT/2009/11/26/DOC/SRC/0104200911264100100041001012968.PDF,국내
1307424,노태우,서울올림픽 1주년 기념행사 연설,1989-09-17,http://dams.pa.go.kr:8888/dams/DOCUMENT/2009/11/26/DOC/SRC/0104200911264100200041002012969.PDF,국내
1307425,노태우,라디오 주례방송(16) '복사사회건설 위한 새해 예산',1989-09-18,http://dams.pa.go.kr:8888/dams/DOCUMENT/2009/11/26/DOC/SRC/0104200911264100300041003012970.PDF,국내
1307426,노태우,중앙일보 창간 24돌 기념 특별회견,1989-09-22,http://dams.pa.go.kr:8888/dams/DOCUMENT/2009/11/26/DOC/SRC/0104200911264100400041004012971.PDF,국내
1307427,노태우,한국우주소년단 발대식 연설,1989-09-23,http://dams.pa.go.kr:8888/dams/DOCUMENT/2009/11/26/DOC/SRC/0104200911264100500041005012972.PDF,국내
1307428,노태우,라디오 주례방송(17) '이제는 합심하여 생산성을 높일 때',1989-09-25,http://dams.pa.go.kr:8888/dams/DOCUMENT/2009/11/26/DOC/SRC/0104200911264100600041006012973.PDF,국내
1307429,노태우,제70회 전국체육대회 및 세계한민족체육대회 연설,1989-09-26,http://dams.pa.go.kr:8888/dams/DOCUMENT/2009/11/26/DOC/SRC/0104200911264100700041007012974.PDF,국내
1307430,노태우,세계한민족체육대회 참가 해외동포 격려연설,1989-09-28,http://dams.pa.go.kr:8888/dams/DOCUMENT/2009/11/26/DOC/SRC/0104200911264100800041008012975.PDF,국내
1307431,노태우,라디오 주례방송(18) '문화의 달을 맞아',1989-10-02,http://dams.pa.go.kr:8888/dams/DOCUMENT/2009/11/26/DOC/SRC/0104200911264100900041009012976.PDF,국내
1307432,노태우,경향신문 창간 43돌 기념 특별회견,1989-10-06,http://dams.pa.go.kr:8888/dams/DOCUMENT/2009/11/26/DOC/SRC/0104200911264101000041010012977.PDF,국내
1307433,노태우,요한 바오르 2세 교황 방한 환영사,1989-10-07,http://dams.pa.go.kr:8888/dams/DOCUMENT/2009/11/26/DOC/SRC/0104200911264101100041011012978.PDF,국내
1307434,노태우,요한 바오로 2세 교황 청와대 예방시 인사말,1989-10-08,http://dams.pa.go.kr:8888/dams/DOCUMENT/2009/11/26/DOC/SRC/0104200911264101200041012012979.PDF,국내
1307435,노태우,라디오 주례방송(19) '한미관계의 지속적 발전을 위하여',1989-10-09,http://dams.pa.go.kr:8888/dams/DOCUMENT/2009/11/26/DOC/SRC/0104200911264101300041013012980.PDF,국내
1307436,노태우,1990년도 예산안 제출에 즈음한 국정연설,1989-10-10,http://dams.pa.go.kr:8888/dams/DOCUMENT/2009/11/26/DOC/SRC/0104200911264101400041014012981.PDF,국내
1307437,노태우,여성지도자들을 위한 만찬 연설,1989-10-11,http://dams.pa.go.kr:8888/dams/DOCUMENT/2009/11/26/DOC/SRC/0104200911264101500041015012982.PDF,국내
1307438,노태우,제13차 와이즈맨 아시아 지역대회 축하 메시지,1989-10-12,http://dams.pa.go.kr:8888/dams/DOCUMENT/2009/11/26/DOC/SRC/0104200911264101600041016012983.PDF,국내
1307441,노태우,미국방문 출국인사,1989-10-15,http://dams.pa.go.kr:8888/dams/DOCUMENT/2009/11/26/DOC/SRC/0104200911264101900041019012986.PDF,국내
1307442,노태우,미국 워싱턴 D·C·교민 초청리셉션 연설,1989-10-16,http://dams.pa.go.kr:8888/dams/DOCUMENT/2009/11/26/DOC/SRC/0104200911264102000041020012987.PDF,국제
1307443,노태우,한·미 정상회담 후 언론발표문,1989-10-17,http://dams.pa.go.kr:8888/dams/DOCUMENT/2009/11/26/DOC/SRC/0104200911264102100041021012988.PDF,국제
1307444,노태우,미국 조지 워싱턴대학 박사학위 수락 연설,1989-10-17,http://dams.pa.go.kr:8888/dams/DOCUMENT/2009/11/26/DOC/SRC/0104200911264102200041022012989.PDF,국제
1307445,노태우,주미한국대사 주최 만찬 연설,1989-10-17,http://dams.pa.go.kr:8888/dams/DOCUMENT/2009/11/26/DOC/SRC/0104200911264102300041023012990.PDF,국제
1307447,노태우,전진의 동반자:변화하는 세계 속의 한미관계,1989-10-18,http://dams.pa.go.kr:8888/dams/DOCUMENT/2009/11/26/DOC/SRC/0104200911264102500041025012992.PDF,국제
1307449,노태우,미국 LA교민 초청리셉션 연설,1989-10-18,http://dams.pa.go.kr:8888/dams/DOCUMENT/2009/11/26/DOC/SRC/0104200911264102700041027012994.PDF,국제
1307446,노태우,미국 상·하 양원 합동대회 연설,1989-10-18,http://dams.pa.go.kr:8888/dams/DOCUMENT/2009/11/26/DOC/SRC/0104200911264102400041024012991.PDF,국제
1307448,노태우,내셔널 프레스 클럽 연설,1989-10-18,http://dams.pa.go.kr:8888/dams/DOCUMENT/2009/11/26/DOC/SRC/0104200911264102600041026012993.PDF,국제
1307450,노태우,세계문제평의회 주최 조찬 연설,1989-10-19,http://dams.pa.go.kr:8888/dams/DOCUMENT/2009/11/26/DOC/SRC/0104200911264102800041028012995.PDF,국제
1307451,노태우,미국방문 귀국인사,1989-10-20,http://dams.pa.go.kr:8888/dams/DOCUMENT/2009/11/26/DOC/SRC/0104200911264102900041029012996.PDF,국내
1307439,노태우,시사저널지 창간 기념 특별회견,1989-10-29,http://dams.pa.go.kr:8888/dams/DOCUMENT/2009/11/26/DOC/SRC/0104200911264101700041017012984.PDF,국내
1307440,노태우,라디오 주례방송(20) '변화하는 세계 속에 우리가 할 일',1989-10-30,http://dams.pa.go.kr:8888/dams/DOCUMENT/2009/11/26/DOC/SRC/0104200911264101800041018012985.PDF,국내
1307452,노태우,대불산업기지 건설 기공식 치사,1989-11-03,http://dams.pa.go.kr:8888/dams/DOCUMENT/2009/11/26/DOC/SRC/0104200911264103000041030012997.PDF,국내
1307453,노태우,제44차 국제청년회의소 세계대회 축하 메시지,1989-11-05,http://dams.pa.go.kr:8888/dams/DOCUMENT/2009/11/26/DOC/SRC/0104200911264103100041031012998.PDF,국내
1307454,노태우,중앙고속도로 건설 기공식 치사,1989-11-06,http://dams.pa.go.kr:8888/dams/DOCUMENT/2009/11/26/DOC/SRC/0104200911264103200041032012999.PDF,국내
1307456,노태우,극동정유 대산공장 준공식 치사,1989-11-13,http://dams.pa.go.kr:8888/dams/DOCUMENT/2009/11/26/DOC/SRC/0104200911264103400041034013001.PDF,국내
1307455,노태우,라디오 주례방송(21) '유럽 5개국 순방에 나서며',1989-11-13,http://dams.pa.go.kr:8888/dams/DOCUMENT/2009/11/26/DOC/SRC/0104200911264103300041033013000.PDF,국내
1307457,노태우,삼성종합화학공장 기공식 치사,1989-11-13,http://dams.pa.go.kr:8888/dams/DOCUMENT/2009/11/26/DOC/SRC/0104200911264103500041035013002.PDF,국내
1307458,노태우,"헝가리 MTV, MTI 회견",1989-11-17,http://dams.pa.go.kr:8888/dams/DOCUMENT/2009/11/26/DOC/SRC/0104200911264103600041036013003.PDF,국제
1307461,노태우,쿠퍼 미국 알라스카 주지사내외 주최 만찬 연설,1989-11-18,http://dams.pa.go.kr:8888/dams/DOCUMENT/2009/11/26/DOC/SRC/0104200911264103900041039013006.PDF,국제
1307460,노태우,미국 앵커리지 교민 초청리셉션 연설,1989-11-18,http://dams.pa.go.kr:8888/dams/DOCUMENT/2009/11/26/DOC/SRC/0104200911264103800041038013005.PDF,국제
1307459,노태우,유럽 5개국순방 출국인사,1989-11-18,http://dams.pa.go.kr:8888/dams/DOCUMENT/2009/11/26/DOC/SRC/0104200911264103700041037013004.PDF,국내
1307462,노태우,폰 바이체커 독일연방공화국 대통령내외 주최 만찬 답사,1989-11-20,http://dams.pa.go.kr:8888/dams/DOCUMENT/2009/11/26/DOC/SRC/0104200911264104000041040013007.PDF,국제
1307464,노태우,한·독 정상회담 후 언론발표문,1989-11-21,http://dams.pa.go.kr:8888/dams/DOCUMENT/2009/11/26/DOC/SRC/0104200911264104200041042013009.PDF,국제
1307465,노태우,독일 전경련 방문 연설,1989-11-21,http://dams.pa.go.kr:8888/dams/DOCUMENT/2009/11/26/DOC/SRC/0104200911264104300041043013010.PDF,국제
1307463,노태우,콜 독일연방공화국 수상 주최 오찬 답사,1989-11-21,http://dams.pa.go.kr:8888/dams/DOCUMENT/2009/11/26/DOC/SRC/0104200911264104100041041013008.PDF,국제
1307466,노태우,독일교민 초청리셉션 연설,1989-11-21,http://dams.pa.go.kr:8888/dams/DOCUMENT/2009/11/26/DOC/SRC/0104200911264104400041044013011.PDF,국제
1307467,노태우,쉬로시 헝가리공화국 대통령대행내외 주최 만찬답사,1989-11-22,http://dams.pa.go.kr:8888/dams/DOCUMENT/2009/11/26/DOC/SRC/0104200911264104500041045013012.PDF,국제
1307469,노태우,헝가리경제인초청 오찬 연설,1989-11-23,http://dams.pa.go.kr:8888/dams/DOCUMENT/2009/11/26/DOC/SRC/0104200911264104700041047013014.PDF,국제
1307468,노태우,헝가리공화국 국회 연설-화해의 새시대를 함께 여는 동반자,1989-11-23,http://dams.pa.go.kr:8888/dams/DOCUMENT/2009/11/26/DOC/SRC/0104200911264104600041046013013.PDF,국제
1307470,노태우,유럽 5개국 순방 수행기자단 로잔느 간담회,1989-11-24,http://dams.pa.go.kr:8888/dams/DOCUMENT/2009/11/26/DOC/SRC/0104200911264104800041048013015.PDF,국제
1307471,노태우,사마란치국제올림픽위원회 위원장내외 주최 만찬 답사,1989-11-25,http://dams.pa.go.kr:8888/dams/DOCUMENT/2009/11/26/DOC/SRC/0104200911264104900041049013016.PDF,국제
1307472,노태우,영국교민 초청리셉션 연설,1989-11-27,http://dams.pa.go.kr:8888/dams/DOCUMENT/2009/11/26/DOC/SRC/0104200911264105000041050013017.PDF,국제
1307473,노태우,비드웰 영국 런던 시장내외 추최 오찬 연설-변화하는 세계속의 한영관계,1989-11-28,http://dams.pa.go.kr:8888/dams/DOCUMENT/2009/11/26/DOC/SRC/0104200911264105100041051013018.PDF,국제
1307474,노태우,대처 영국 수상 만찬 답사,1989-11-28,http://dams.pa.go.kr:8888/dams/DOCUMENT/2009/11/26/DOC/SRC/0104200911264105200041052013019.PDF,국제
1307475,노태우,영국 전경련 방문 연설 - 협력의 동반자,1989-11-29,http://dams.pa.go.kr:8888/dams/DOCUMENT/2009/11/26/DOC/SRC/0104200911264105300041053013020.PDF,국제
1307477,노태우,미테랑 프랑스 대통령내외 주최 만찬 답사,1989-11-30,http://dams.pa.go.kr:8888/dams/DOCUMENT/2009/11/26/DOC/SRC/0104200911264105500041055013022.PDF,국제
1307476,노태우,프랑스 도착 환영식 답사,1989-11-30,http://dams.pa.go.kr:8888/dams/DOCUMENT/2009/11/26/DOC/SRC/0104200911264105400041054013021.PDF,국제
1307479,노태우,로까르 프랑스 수상내외 주최 오찬 답사,1989-12-01,http://dams.pa.go.kr:8888/dams/DOCUMENT/2009/11/26/DOC/SRC/0104200911264105700041057013024.PDF,국제
1307480,노태우,프랑스교민 초청리셉션 연설,1989-12-01,http://dams.pa.go.kr:8888/dams/DOCUMENT/2009/11/26/DOC/SRC/0104200911264105800041058013025.PDF,국제
1307478,노태우,프랑스 파리 시청 방문 연설,1989-12-01,http://dams.pa.go.kr:8888/dams/DOCUMENT/2009/11/26/DOC/SRC/0104200911264105600041056013023.PDF,국제
1307481,노태우,프랑스 출국 언론배포문,1989-12-01,http://dams.pa.go.kr:8888/dams/DOCUMENT/2009/11/26/DOC/SRC/0104200911264105900041059013026.PDF,국제
1307482,노태우,미국 시애틀 교민 초청리셉션 연설,1989-12-02,http://dams.pa.go.kr:8888/dams/DOCUMENT/2009/11/26/DOC/SRC/0104200911264106000041060013027.PDF,국제
1307483,노태우,유럽 5개국 순방 귀국인사,1989-12-04,http://dams.pa.go.kr:8888/dams/DOCUMENT/2009/11/26/DOC/SRC/0104200911264106100041061013028.PDF,국내
1307484,노태우,라디오 주례방송(22) '유럽순방을 끝내고',1989-12-11,http://dams.pa.go.kr:8888/dams/DOCUMENT/2009/11/26/DOC/SRC/0104200911264106200041062013029.PDF,국제
1307485,노태우,기독교방송 개국 35주년에 부쳐,1989-12-15,http://dams.pa.go.kr:8888/dams/DOCUMENT/2009/11/26/DOC/SRC/0104200911264106300041063013030.PDF,국제
1307486,노태우,4당총재회담 후 공동발표문,1989-12-16,http://dams.pa.go.kr:8888/dams/DOCUMENT/2009/11/26/DOC/SRC/0104200911264106400041064013031.PDF,국제
1307488,노태우,라디오 주례방송(23) '1980년대를 보내며',1989-12-25,http://dams.pa.go.kr:8888/dams/DOCUMENT/2009/11/26/DOC/SRC/0104200911264106600041066013033.PDF,국내
1307487,노태우,주한 미군장병에게 보내는 성탄절 메시지,1989-12-25,http://dams.pa.go.kr:8888/dams/DOCUMENT/2009/11/26/DOC/SRC/0104200911264106500041065013032.PDF,국내
1307489,노태우,1990년도 신년사,1990-01-01,http://dams.pa.go.kr:8888/dams/DOCUMENT/2009/11/26/DOC/SRC/0104200911264106700041067013034.PDF,국내
1307490,노태우,과거문제종결에 즈음하여 국민께 드리는 말씀,1990-01-03,http://dams.pa.go.kr:8888/dams/DOCUMENT/2009/11/26/DOC/SRC/0104200911264106800041068013035.PDF,국내
1307491,노태우,1990년 연두 기자회견,1990-01-10,http://dams.pa.go.kr:8888/dams/DOCUMENT/2009/11/26/DOC/SRC/0104200911264106900041069013036.PDF,국내
1307492,노태우,민주정의당 창당 9주년 기념식 치사,1990-01-15,http://dams.pa.go.kr:8888/dams/DOCUMENT/2009/11/26/DOC/SRC/0104200911264107000041070013037.PDF,국내
1307493,노태우,국책연구 신년호 권두언,1990-01-20,http://dams.pa.go.kr:8888/dams/DOCUMENT/2009/11/26/DOC/SRC/0104200911264107100041071013038.PDF,국내
1307494,노태우,신당 창당에 관한 3당총재 공동선언,1990-01-22,http://dams.pa.go.kr:8888/dams/DOCUMENT/2009/11/26/DOC/SRC/0104200911264107200041072013039.PDF,국내
1307496,노태우,세계일보 창간 1주년 기념 특별회견,1990-02-01,http://dams.pa.go.kr:8888/dams/DOCUMENT/2009/11/26/DOC/SRC/0104200911264107400041074013041.PDF,국내
1307495,노태우,민주정의당 제6차 임시전당대회 총재 연설,1990-02-01,http://dams.pa.go.kr:8888/dams/DOCUMENT/2009/11/26/DOC/SRC/0104200911264107300041073013040.PDF,국내
1307497,노태우,민주자유당(가칭) 3인 공동대표 발표문,1990-02-03,http://dams.pa.go.kr:8888/dams/DOCUMENT/2009/11/26/DOC/SRC/0104200911264107500041075013042.PDF,국내
1307498,노태우,주한외교단 초청 만찬사,1990-02-08,http://dams.pa.go.kr:8888/dams/DOCUMENT/2009/11/26/DOC/SRC/0104200911264107600041076013043.PDF,국제
1307499,노태우,민주자유당(가칭) 창당 결의대회 인사말,1990-02-09,http://dams.pa.go.kr:8888/dams/DOCUMENT/2009/11/26/DOC/SRC/0104200911264107700041077013044.PDF,국내
1307500,노태우,민주자유당(가칭) 창당 축하연 연설,1990-02-09,http://dams.pa.go.kr:8888/dams/DOCUMENT/2009/11/26/DOC/SRC/0104200911264107800041078013045.PDF,국내
1307501,노태우,아시아 신문재단 제4차 마닐라 총회에 보내는 메시지,1990-02-19,http://dams.pa.go.kr:8888/dams/DOCUMENT/2009/11/26/DOC/SRC/0104200911264107900041079013046.PDF,국제
1307503,노태우,취임 2주년 KBS TV 특별회견,1990-02-24,http://dams.pa.go.kr:8888/dams/DOCUMENT/2009/11/26/DOC/SRC/0104200911264108100041081013048.PDF,국내
1307502,노태우,취임 2주년 청와대 출입기자단 조찬 간담회,1990-02-24,http://dams.pa.go.kr:8888/dams/DOCUMENT/2009/11/26/DOC/SRC/0104200911264108000041080013047.PDF,국내
1307504,노태우,취임 2돌 및 민주자유당 창당 기념 민주자유보 특별회견,1990-02-26,http://dams.pa.go.kr:8888/dams/DOCUMENT/2009/11/26/DOC/SRC/0104200911264108200041082013049.PDF,국내
1307505,노태우,제71주년 3·1절 기념사,1990-03-01,http://dams.pa.go.kr:8888/dams/DOCUMENT/2009/11/26/DOC/SRC/0104200911264108300041083013050.PDF,국내
1307506,노태우,육군사관학교 제46기 졸업 및 임관식 연설,1990-03-06,http://dams.pa.go.kr:8888/dams/DOCUMENT/2009/11/26/DOC/SRC/0104200911264108400041084013051.PDF,국내
1307507,노태우,해군사관학교 제44기 졸업 및 임관식 연설,1990-03-09,http://dams.pa.go.kr:8888/dams/DOCUMENT/2009/11/26/DOC/SRC/0104200911264108500041085013052.PDF,국내
1307508,노태우,공군사관학교 제38기 졸업 및 임관식 연설,1990-03-16,http://dams.pa.go.kr:8888/dams/DOCUMENT/2009/11/26/DOC/SRC/0104200911264108600041086013053.PDF,국내
1307509,노태우,민주자유당 지구당 개편대회 최고위원 연설,1990-03-17,http://dams.pa.go.kr:8888/dams/DOCUMENT/2009/11/26/DOC/SRC/0104200911264108700041087013054.PDF,국내
1307510,노태우,근로자주택건설 기공식 연설,1990-03-22,http://dams.pa.go.kr:8888/dams/DOCUMENT/2009/11/26/DOC/SRC/0104200911264108800041088013055.PDF,국내
1307511,노태우,매일경제신문 창간 24주년 축하의 글,1990-03-23,http://dams.pa.go.kr:8888/dams/DOCUMENT/2009/11/26/DOC/SRC/0104200911264108900041089013056.PDF,국내
1307512,노태우,경찰대학 제6기 졸업식 연설,1990-03-30,http://dams.pa.go.kr:8888/dams/DOCUMENT/2009/11/26/DOC/SRC/0104200911264109000041090013057.PDF,국내
1307513,노태우,미국 usasia지 창간호 기고문,1990-03-30,http://dams.pa.go.kr:8888/dams/DOCUMENT/2009/11/26/DOC/SRC/0104200911264109100041091013058.PDF,국내
1307514,노태우,한국농어민신문 창간 축하의글,1990-04-10,http://dams.pa.go.kr:8888/dams/DOCUMENT/2009/11/26/DOC/SRC/0104200911264109200041092013059.PDF,국내
1307515,노태우,한일·일한 협력위원회 제28차 합동회의에 즈음한 메시지,1990-04-27,http://dams.pa.go.kr:8888/dams/DOCUMENT/2009/11/26/DOC/SRC/0104200911264109300041093013060.PDF,국내
1307516,노태우,나라와 민족을 위한 신도법회 인사말,1990-04-27,http://dams.pa.go.kr:8888/dams/DOCUMENT/2009/11/26/DOC/SRC/0104200911264109400041094013061.PDF,국내
1307517,노태우,예순 예덟번째 어린이날을 맞아 어린이들에게 보내는 말씀,1990-05-05,http://dams.pa.go.kr:8888/dams/DOCUMENT/2009/11/26/DOC/SRC/0104200911264109500041095013062.PDF,국내
1307518,노태우,월간 KOREA TODAY지 서면회견,1990-05-05,http://dams.pa.go.kr:8888/dams/DOCUMENT/2009/11/26/DOC/SRC/0104200911264109600041096013063.PDF,국내
1307519,노태우,시국과 관련하여 국민 여러분에게 드리는 말씀,1990-05-07,http://dams.pa.go.kr:8888/dams/DOCUMENT/2009/11/26/DOC/SRC/0104200911264109700041097013064.PDF,국내
1307520,노태우,민주자유당 제1차 전당대회 총재취임 연설,1990-05-09,http://dams.pa.go.kr:8888/dams/DOCUMENT/2009/11/26/DOC/SRC/0104200911264109800041098013065.PDF,국내
1307521,노태우,민주자유당 제1차 전당대회 축하연 총재 인사말,1990-05-09,http://dams.pa.go.kr:8888/dams/DOCUMENT/2009/11/26/DOC/SRC/0104200911264109900041099013066.PDF,국내
1307522,노태우,국가초찬신도회 인사말,1990-05-10,http://dams.pa.go.kr:8888/dams/DOCUMENT/2009/11/26/DOC/SRC/0104200911264110000041100013067.PDF,국내
1307523,노태우,청소년 헌장 선포에 즈음하여 드리는 말씀,1990-05-12,http://dams.pa.go.kr:8888/dams/DOCUMENT/2009/11/26/DOC/SRC/0104200911264110100041101013068.PDF,국내
1307524,노태우,주한 일본특파원단 간담회,1990-05-14,http://dams.pa.go.kr:8888/dams/DOCUMENT/2009/11/26/DOC/SRC/0104200911264110200041102013069.PDF,국내
1307525,노태우,일본 NHK TV 회견,1990-05-14,http://dams.pa.go.kr:8888/dams/DOCUMENT/2009/11/26/DOC/SRC/0104200911264110300041103013070.PDF,국내
1307526,노태우,태평양경제협의회 제23차 총회 위성특별회의 연설,1990-05-20,http://dams.pa.go.kr:8888/dams/DOCUMENT/2009/11/26/DOC/SRC/0104200911264110400041104013071.PDF,국내
1307528,노태우,아키히토 일왕내외 주최 만찬 답사,1990-05-24,http://dams.pa.go.kr:8888/dams/DOCUMENT/2009/11/26/DOC/SRC/0104200911264110600041106013073.PDF,국제
1307527,노태우,일본방문 출국인사,1990-05-24,http://dams.pa.go.kr:8888/dams/DOCUMENT/2009/11/26/DOC/SRC/0104200911264110500041105013072.PDF,국내
1307532,노태우,가이후 일본 수상내외주최 만찬 답사,1990-05-25,http://dams.pa.go.kr:8888/dams/DOCUMENT/2009/11/26/DOC/SRC/0104200911264111000041110013077.PDF,국제
1307531,노태우,재일교포 초청 리셉션 연설,1990-05-25,http://dams.pa.go.kr:8888/dams/DOCUMENT/2009/11/26/DOC/SRC/0104200911264110900041109013076.PDF,국제
1307530,노태우,일본경제5단체 공동주최 오찬 연설,1990-05-25,http://dams.pa.go.kr:8888/dams/DOCUMENT/2009/11/26/DOC/SRC/0104200911264110800041108013075.PDF,국제
1307529,노태우,일본 국회 연설,1990-05-25,http://dams.pa.go.kr:8888/dams/DOCUMENT/2009/11/26/DOC/SRC/0104200911264110700041107013074.PDF,국제
1307535,노태우,일본방문 귀국인사,1990-05-26,http://dams.pa.go.kr:8888/dams/DOCUMENT/2009/11/26/DOC/SRC/0104200911264111300041113013080.PDF,국내
1307534,노태우,오사카지역 교포 초청 리셉션 연설,1990-05-26,http://dams.pa.go.kr:8888/dams/DOCUMENT/2009/11/26/DOC/SRC/0104200911264111200041112013079.PDF,국제
1307533,노태우,일본기자클럽 오찬 회견,1990-05-26,http://dams.pa.go.kr:8888/dams/DOCUMENT/2009/11/26/DOC/SRC/0104200911264111100041111013078.PDF,국제
1307542,노태우,멕시코 EISolde Mexico지 회견,1990-06-03,http://dams.pa.go.kr:8888/dams/DOCUMENT/2009/11/26/DOC/SRC/0104200911264112000041120013087.PDF,국제
1307536,노태우,"한·소, 한·미 정상회담을 위한 미국방문 출국인사",1990-06-03,http://dams.pa.go.kr:8888/dams/DOCUMENT/2009/11/26/DOC/SRC/0104200911264111400041114013081.PDF,국내
1307539,노태우,한·소 정상회담 후 내외신 기자회견,1990-06-04,http://dams.pa.go.kr:8888/dams/DOCUMENT/2009/11/26/DOC/SRC/0104200911264111700041117013084.PDF,국제
1307537,노태우,한·소 정상간의 대화(발표내용),1990-06-04,http://dams.pa.go.kr:8888/dams/DOCUMENT/2009/11/26/DOC/SRC/0104200911264111500041115013082.PDF,국제
1307538,노태우,한·소 정상회담 결과 발표문,1990-06-04,http://dams.pa.go.kr:8888/dams/DOCUMENT/2009/11/26/DOC/SRC/0104200911264111600041116013083.PDF,국제
1307540,노태우,수행기자단 및 워싱턴 주재 한국특파원단 오찬 간담회,1990-06-06,http://dams.pa.go.kr:8888/dams/DOCUMENT/2009/11/26/DOC/SRC/0104200911264111800041118013085.PDF,국제
1307541,노태우,"한·소, 한·미 정상회담을 위한 미국방문 귀국인사",1990-06-08,http://dams.pa.go.kr:8888/dams/DOCUMENT/2009/11/26/DOC/SRC/0104200911264111900041119013086.PDF,국내
1307543,노태우,한국일보 창간 36돌 기념 특별회견,1990-06-09,http://dams.pa.go.kr:8888/dams/DOCUMENT/2009/11/26/DOC/SRC/0104200911264112100041121013088.PDF,국제
1307544,노태우,미국 Newswe지 회견,1990-06-18,http://dams.pa.go.kr:8888/dams/DOCUMENT/2009/11/26/DOC/SRC/0104200911264112200041122013089.PDF,국제
1307545,노태우,제주신문 창간 45주년 축하의 글,1990-06-20,http://dams.pa.go.kr:8888/dams/DOCUMENT/2009/11/26/DOC/SRC/0104200911264112300041123013090.PDF,국제
1307546,노태우,로드리게스 파라과이 대통령내외를 위한 만찬 만찬사,1990-06-21,http://dams.pa.go.kr:8888/dams/DOCUMENT/2009/11/26/DOC/SRC/0104200911264112400041124013091.PDF,국내
1307547,노태우,서울 지하철 5호선 건설 기공식 연설,1990-06-27,http://dams.pa.go.kr:8888/dams/DOCUMENT/2009/11/26/DOC/SRC/0104200911264112500041125013092.PDF,국내
1307548,노태우,6·29선언 3주년 청와대 출입기자단 오찬 간담회,1990-06-28,http://dams.pa.go.kr:8888/dams/DOCUMENT/2009/11/26/DOC/SRC/0104200911264112600041126013093.PDF,국내
1307551,노태우,일본 문예춘추지 회견,1990-06-29,http://dams.pa.go.kr:8888/dams/DOCUMENT/2009/11/26/DOC/SRC/0104200911264112900041129013096.PDF,국내
1307549,노태우,6·29선언 3주년 기념 '국민과의대화',1990-06-29,http://dams.pa.go.kr:8888/dams/DOCUMENT/2009/11/26/DOC/SRC/0104200911264112700041127013094.PDF,국내
1307550,노태우,미국 Washington Post지 회견,1990-06-29,http://dams.pa.go.kr:8888/dams/DOCUMENT/2009/11/26/DOC/SRC/0104200911264112800041128013095.PDF,국내
1307552,노태우,일본 Big A지 서면회견,1990-07-01,http://dams.pa.go.kr:8888/dams/DOCUMENT/2009/11/26/DOC/SRC/0104200911264113000041130013097.PDF,국내
1307553,노태우,1990년도 민주평화통일자문위원 해외지역회의에 보내는 말씀,1990-07-13,http://dams.pa.go.kr:8888/dams/DOCUMENT/2009/11/26/DOC/SRC/0104200911264113100041131013098.PDF,국제
1307554,노태우,사천왕사 왔소 축제에 보내는 메시지,1990-07-16,http://dams.pa.go.kr:8888/dams/DOCUMENT/2009/11/26/DOC/SRC/0104200911264113200041132013099.PDF,국내
1307555,노태우,소련 Literafumaya Gazeta지 회견,1990-07-18,http://dams.pa.go.kr:8888/dams/DOCUMENT/2009/11/26/DOC/SRC/0104200911264113300041133013100.PDF,국내
1307556,노태우,민주자유당 중앙위원회 제1차 회의 총재 연설,1990-07-18,http://dams.pa.go.kr:8888/dams/DOCUMENT/2009/11/26/DOC/SRC/0104200911264113400041134013101.PDF,국내
1307557,노태우,세계기독의사회 대표 초청 만찬 연설,1990-07-19,http://dams.pa.go.kr:8888/dams/DOCUMENT/2009/11/26/DOC/SRC/0104200911264113500041135013102.PDF,국제
1307559,노태우,국립대구박물관 건립 기공식 연설,1990-07-20,http://dams.pa.go.kr:8888/dams/DOCUMENT/2009/11/26/DOC/SRC/0104200911264113700041137013104.PDF,국내
1307558,노태우,남북간의 민족대교통을 위한 특별발표,1990-07-20,http://dams.pa.go.kr:8888/dams/DOCUMENT/2009/11/26/DOC/SRC/0104200911264113600041136013103.PDF,국내
1307560,노태우,민주자유당 상무위원회 제1차 회의 총재 연설,1990-07-25,http://dams.pa.go.kr:8888/dams/DOCUMENT/2009/11/26/DOC/SRC/0104200911264113800041138013105.PDF,국내
1307561,노태우,재일동포 청년 야영대회에 보내는 말씀,1990-08-03,http://dams.pa.go.kr:8888/dams/DOCUMENT/2009/11/26/DOC/SRC/0104200911264113900041139013106.PDF,국제
1307562,노태우,코리아 헤럴드 창간 37주년 기념 특별회견,1990-08-14,http://dams.pa.go.kr:8888/dams/DOCUMENT/2009/11/26/DOC/SRC/0104200911264114000041140013107.PDF,국내
1307563,노태우,제45주년 광복절 경축사,1990-08-15,http://dams.pa.go.kr:8888/dams/DOCUMENT/2009/11/26/DOC/SRC/0104200911264114100041141013108.PDF,국내
1307564,노태우,조선일보 특별회견,1990-08-24,http://dams.pa.go.kr:8888/dams/DOCUMENT/2009/11/26/DOC/SRC/0104200911264114200041142013109.PDF,국내
1307565,노태우,제2차 아·태지역 검찰총장회의 참석자 초청 오찬 인사말,1990-09-03,http://dams.pa.go.kr:8888/dams/DOCUMENT/2009/11/26/DOC/SRC/0104200911264114300041143013110.PDF,국제
1307566,노태우,남북고위급회담 북측대표단 접견 대화록,1990-09-06,http://dams.pa.go.kr:8888/dams/DOCUMENT/2009/11/26/DOC/SRC/0104200911264114400041144013111.PDF,국내
1307567,노태우,마하틸 말레이시아 수상내외를 위한 만찬 만찬사,1990-09-12,http://dams.pa.go.kr:8888/dams/DOCUMENT/2009/11/26/DOC/SRC/0104200911264114500041145013112.PDF,국내
1307568,노태우,모이 케냐 대통령내외를 위한 만찬 만찬사,1990-09-17,http://dams.pa.go.kr:8888/dams/DOCUMENT/2009/11/26/DOC/SRC/0104200911264114600041146013113.PDF,국내
1307569,노태우,중앙일보 창간 25돌기념 특별회견,1990-09-22,http://dams.pa.go.kr:8888/dams/DOCUMENT/2009/11/26/DOC/SRC/0104200911264114700041147013114.PDF,국내
1307570,노태우,제1회 서울평화상 시상식 축하 연설,1990-09-25,http://dams.pa.go.kr:8888/dams/DOCUMENT/2009/11/26/DOC/SRC/0104200911264114800041148013115.PDF,국내
1307571,노태우,민주자유당 지구당 창당대회 총재 연설,1990-09-26,http://dams.pa.go.kr:8888/dams/DOCUMENT/2009/11/26/DOC/SRC/0104200911264114900041149013116.PDF,국내
1307572,노태우,1994년 한국방문의 해 선포문,1990-09-27,http://dams.pa.go.kr:8888/dams/DOCUMENT/2009/11/26/DOC/SRC/0104200911264115000041150013117.PDF,국내
1307573,노태우,전쟁기념관 건립 기공식 연설,1990-09-28,http://dams.pa.go.kr:8888/dams/DOCUMENT/2009/11/26/DOC/SRC/0104200911264115100041151013118.PDF,국내
1307575,노태우,미국 Pergamon Press사와의 서면회견,1990-09-29,http://dams.pa.go.kr:8888/dams/DOCUMENT/2009/11/26/DOC/SRC/0104200911264115300041153013120.PDF,국내
1307574,노태우,춘추관 준공식 다과회 연설,1990-09-29,http://dams.pa.go.kr:8888/dams/DOCUMENT/2009/11/26/DOC/SRC/0104200911264115200041152013119.PDF,국내
1307576,노태우,건군 제42주년 국군의 날 기념식 연설,1990-10-01,http://dams.pa.go.kr:8888/dams/DOCUMENT/2009/11/26/DOC/SRC/0104200911264115400041154013121.PDF,국내
1307577,노태우,새 질서·새 생활 실천에 모든 국민의 참여를 호소하며,1990-10-13,http://dams.pa.go.kr:8888/dams/DOCUMENT/2009/11/26/DOC/SRC/0104200911264115500041155013122.PDF,국내
1307578,노태우,제71회 전국체육대회 개회식 연설,1990-10-15,http://dams.pa.go.kr:8888/dams/DOCUMENT/2009/11/26/DOC/SRC/0104200911264115600041156013123.PDF,국내
1307579,노태우,제45주년 경찰의 날 기념식 연설,1990-10-22,http://dams.pa.go.kr:8888/dams/DOCUMENT/2009/11/26/DOC/SRC/0104200911264115700041157013124.PDF,국내
1307580,노태우,멕시코 EISolde Mexico지 서면회견,1990-10-25,http://dams.pa.go.kr:8888/dams/DOCUMENT/2009/11/26/DOC/SRC/0104200911264115800041158013125.PDF,국내
1307581,노태우,자유로 건설 기공식 연설,1990-10-27,http://dams.pa.go.kr:8888/dams/DOCUMENT/2009/11/26/DOC/SRC/0104200911264115900041159013126.PDF,국내
1307582,노태우,문화예술인 초청 오찬 연설,1990-10-29,http://dams.pa.go.kr:8888/dams/DOCUMENT/2009/11/26/DOC/SRC/0104200911264116000041160013127.PDF,국내
1307583,노태우,코리아 타임즈 창간 40주년 기념 특별회견,1990-11-01,http://dams.pa.go.kr:8888/dams/DOCUMENT/2009/11/26/DOC/SRC/0104200911264116100041161013128.PDF,국내
1307584,노태우,민주평화통일자문위원 국내지역회의 개회사,1990-11-05,http://dams.pa.go.kr:8888/dams/DOCUMENT/2009/11/26/DOC/SRC/0104200911264116200041162013129.PDF,국내
1307585,노태우,요비치 유고슬라비아 대통령내외를 위한 만찬 만찬사,1990-11-08,http://dams.pa.go.kr:8888/dams/DOCUMENT/2009/11/26/DOC/SRC/0104200911264116300041163013130.PDF,국내
1307586,노태우,유고 Tanjung통신 서면회견,1990-11-10,http://dams.pa.go.kr:8888/dams/DOCUMENT/2009/11/26/DOC/SRC/0104200911264116400041164013131.PDF,국내
1307587,노태우,대전일보 창간 40주년 기념 특별회견,1990-11-10,http://dams.pa.go.kr:8888/dams/DOCUMENT/2009/11/26/DOC/SRC/0104200911264116500041165013132.PDF,국내
1307588,노태우,1990년도 에너지절약 촉진대회 연설,1990-11-13,http://dams.pa.go.kr:8888/dams/DOCUMENT/2009/11/26/DOC/SRC/0104200911264116600041166013133.PDF,국내
1307589,노태우,미쪼따끼스희랍 수상내외를 위한 만찬 만찬사,1990-11-14,http://dams.pa.go.kr:8888/dams/DOCUMENT/2009/11/26/DOC/SRC/0104200911264116700041167013134.PDF,국내
1307590,노태우,한·헝가리 정상회담 후 언론 발표문,1990-11-15,http://dams.pa.go.kr:8888/dams/DOCUMENT/2009/11/26/DOC/SRC/0104200911264116800041168013135.PDF,국제
1307591,노태우,곤츠 헝가리 대통령내외를 위한 만찬 만찬사,1990-11-15,http://dams.pa.go.kr:8888/dams/DOCUMENT/2009/11/26/DOC/SRC/0104200911264116900041169013136.PDF,국내
1307592,노태우,1991년도 예산안제출에 즈음한 시정연설,1990-11-19,http://dams.pa.go.kr:8888/dams/DOCUMENT/2009/11/26/DOC/SRC/0104200911264117000041170013137.PDF,국내
1307593,노태우,금강호 건설 준공식 연설,1990-11-20,http://dams.pa.go.kr:8888/dams/DOCUMENT/2009/11/26/DOC/SRC/0104200911264117100041171013138.PDF,국내
1307594,노태우,새 질서·새생활 실천 전국새마을지도자대회 연설,1990-11-22,http://dams.pa.go.kr:8888/dams/DOCUMENT/2009/11/26/DOC/SRC/0104200911264117200041172013139.PDF,국내
1307595,노태우,서울신문 창간 45돌 기념 특별회견,1990-11-22,http://dams.pa.go.kr:8888/dams/DOCUMENT/2009/11/26/DOC/SRC/0104200911264117300041173013140.PDF,국내
1307597,노태우,영국 Pergamon Press사 발간 영문연설문집 ROH TAE WOO서문,1990-11-30,http://dams.pa.go.kr:8888/dams/DOCUMENT/2009/11/26/DOC/SRC/0104200911264117500041175013142.PDF,국제
1307596,노태우,제27회 무역의 날 기념식 연설,1990-11-30,http://dams.pa.go.kr:8888/dams/DOCUMENT/2009/11/26/DOC/SRC/0104200911264117400041174013141.PDF,국내
1307598,노태우,"소련 TASS 통신, Izvestia지, Pravda지 합동회견",1990-12-10,http://dams.pa.go.kr:8888/dams/DOCUMENT/2009/11/26/DOC/SRC/0104200911264117600041176013143.PDF,국내
1307599,노태우,연합통신 창사 10주년 기념 특별회견,1990-12-11,http://dams.pa.go.kr:8888/dams/DOCUMENT/2009/11/26/DOC/SRC/0104200911264117700041177013144.PDF,국내
1307600,노태우,소련국영 TV Gosteleradio 회견,1990-12-12,http://dams.pa.go.kr:8888/dams/DOCUMENT/2009/11/26/DOC/SRC/0104200911264117800041178013145.PDF,국내
1307604,노태우,소련방문 출국인사,1990-12-13,http://dams.pa.go.kr:8888/dams/DOCUMENT/2009/11/26/DOC/SRC/0104200911264118200041182013149.PDF,국내
1307606,노태우,재소 동포·교민 초청 리셉션 연설,1990-12-13,http://dams.pa.go.kr:8888/dams/DOCUMENT/2009/11/26/DOC/SRC/0104200911264118400041184013151.PDF,국제
1307605,노태우,모스크바 도착성명,1990-12-13,http://dams.pa.go.kr:8888/dams/DOCUMENT/2009/11/26/DOC/SRC/0104200911264118300041183013150.PDF,국제
1307609,노태우,고르바초프 소련 대통령내외 주최 만찬 답사,1990-12-14,http://dams.pa.go.kr:8888/dams/DOCUMENT/2009/11/26/DOC/SRC/0104200911264118700041187013154.PDF,국제
1307607,노태우,대한민국과 소비에트 사회주의 공화국연방과 관계의 일반원칙에 관한 선언 및 서명후 기자회견,1990-12-14,http://dams.pa.go.kr:8888/dams/DOCUMENT/2009/11/26/DOC/SRC/0104200911264118500041185013152.PDF,국제
1307608,노태우,모스크바대학 연설 및 질의응답,1990-12-14,http://dams.pa.go.kr:8888/dams/DOCUMENT/2009/11/26/DOC/SRC/0104200911264118600041186013153.PDF,국제
1307612,노태우,모스크바 출발성명,1990-12-15,http://dams.pa.go.kr:8888/dams/DOCUMENT/2009/11/26/DOC/SRC/0104200911264119000041190013157.PDF,국제
1307610,노태우,모스크바 내외신 기자회견,1990-12-15,http://dams.pa.go.kr:8888/dams/DOCUMENT/2009/11/26/DOC/SRC/0104200911264118800041188013155.PDF,국제
1307611,노태우,소련 경제계·학계인사초청 오찬연설,1990-12-15,http://dams.pa.go.kr:8888/dams/DOCUMENT/2009/11/26/DOC/SRC/0104200911264118900041189013156.PDF,국제
1307613,노태우,기독교방송 창립 36주년 축하 메시지,1990-12-15,http://dams.pa.go.kr:8888/dams/DOCUMENT/2009/11/26/DOC/SRC/0104200911264119100041191013158.PDF,국내
1307617,노태우,MBC TV 레닌그라드회견,1990-12-16,http://dams.pa.go.kr:8888/dams/DOCUMENT/2009/11/26/DOC/SRC/0104200911264119500041195013162.PDF,국내
1307616,노태우,KBS TV 레닌그라드 회견,1990-12-16,http://dams.pa.go.kr:8888/dams/DOCUMENT/2009/11/26/DOC/SRC/0104200911264119400041194013161.PDF,국내
1307615,노태우,소프차크 레닌그라드 시장내외주최 오찬 답사,1990-12-16,http://dams.pa.go.kr:8888/dams/DOCUMENT/2009/11/26/DOC/SRC/0104200911264119300041193013160.PDF,국내
1307614,노태우,수행기자단 조찬 간담회,1990-12-16,http://dams.pa.go.kr:8888/dams/DOCUMENT/2009/11/26/DOC/SRC/0104200911264119200041192013159.PDF,국내
1307618,노태우,소련방문 귀국인사,1990-12-17,http://dams.pa.go.kr:8888/dams/DOCUMENT/2009/11/26/DOC/SRC/0104200911264119600041196013163.PDF,국내
1307601,노태우,청와대 국무회의에서의 지시,1990-12-18,http://dams.pa.go.kr:8888/dams/DOCUMENT/2009/11/26/DOC/SRC/0104200911264117900041179013146.PDF,국내
1307602,노태우,주한 미군장병에게 보내는 성탄절 메시지,1990-12-25,http://dams.pa.go.kr:8888/dams/DOCUMENT/2009/11/26/DOC/SRC/0104200911264118000041180013147.PDF,국제
1307603,노태우,MBC 창사 29주년 기념 특별회견,1990-12-29,http://dams.pa.go.kr:8888/dams/DOCUMENT/2009/11/26/DOC/SRC/0104200911264118100041181013148.PDF,국내
1307619,노태우,1991년도 신년사,1991-01-01,http://dams.pa.go.kr:8888/dams/DOCUMENT/2009/11/26/DOC/SRC/0104200911264119700041197013164.PDF,국내
1307620,노태우,1991년 연두 기자회견,1991-01-08,http://dams.pa.go.kr:8888/dams/DOCUMENT/2009/11/26/DOC/SRC/0104200911264119800041198013165.PDF,국내
1307621,노태우,기이후 일본 수상내외를 위한 만찬 만찬사,1991-01-09,http://dams.pa.go.kr:8888/dams/DOCUMENT/2009/11/26/DOC/SRC/0104200911264119900041199013166.PDF,국내
1307622,노태우,민주자유당 제주도지부 창설대회 총재 연설,1991-01-22,http://dams.pa.go.kr:8888/dams/DOCUMENT/2009/11/26/DOC/SRC/0104200911264120000041200013167.PDF,국내
1307623,노태우,민주자유당 창당 제1주년 기념식 총재 연설,1991-02-09,http://dams.pa.go.kr:8888/dams/DOCUMENT/2009/11/26/DOC/SRC/0104200911264120100041201013168.PDF,국내
1307624,노태우,주한외교단 초청 만찬 연설,1991-02-12,http://dams.pa.go.kr:8888/dams/DOCUMENT/2009/11/26/DOC/SRC/0104200911264120200041202013169.PDF,국제
1307625,노태우,시국과 관련하여 국민 여러분에게 드리는 말씀,1991-02-19,http://dams.pa.go.kr:8888/dams/DOCUMENT/2009/11/26/DOC/SRC/0104200911264120300041203013170.PDF,국내
1307626,노태우,취임 3주년 청와대 출입기자단 오찬 간담회,1991-02-21,http://dams.pa.go.kr:8888/dams/DOCUMENT/2009/11/26/DOC/SRC/0104200911264120400041204013171.PDF,국내
1307627,노태우,한국과학기술원 개원 20주년 기념식 연설,1991-02-22,http://dams.pa.go.kr:8888/dams/DOCUMENT/2009/11/26/DOC/SRC/0104200911264120500041205013172.PDF,국내
1307628,노태우,폰 바이체커 독일연방공화국 대통령내외를 위한 만찬 만찬사,1991-02-25,http://dams.pa.go.kr:8888/dams/DOCUMENT/2009/11/26/DOC/SRC/0104200911264120600041206013173.PDF,국내
1307629,노태우,서해안고속도로 건설 기공식 연설,1991-02-27,http://dams.pa.go.kr:8888/dams/DOCUMENT/2009/11/26/DOC/SRC/0104200911264120700041207013174.PDF,국내
1307630,노태우,민주평화통일자문회의 군영·상임위원회 합동회의 연설,1991-02-28,http://dams.pa.go.kr:8888/dams/DOCUMENT/2009/11/26/DOC/SRC/0104200911264120800041208013175.PDF,국내
1307631,노태우,제72주년 3·1절 기념사,1991-03-01,http://dams.pa.go.kr:8888/dams/DOCUMENT/2009/11/26/DOC/SRC/0104200911264120900041209013176.PDF,국내
1307634,노태우,육군사관학교 제47기 졸업 및 임관식 연설,1991-03-05,http://dams.pa.go.kr:8888/dams/DOCUMENT/2009/11/26/DOC/SRC/0104200911264121200041212013179.PDF,국내
1307633,노태우,제23회 국가조찬신도회 인사말,1991-03-05,http://dams.pa.go.kr:8888/dams/DOCUMENT/2009/11/26/DOC/SRC/0104200911264121100041211013178.PDF,국내
1307632,노태우,지방의회 의원선거 실시와 관련한 발표,1991-03-05,http://dams.pa.go.kr:8888/dams/DOCUMENT/2009/11/26/DOC/SRC/0104200911264121000041210013177.PDF,국내
1307635,노태우,해군사관학교 제45기 졸업 및 임관식 연설,1991-03-08,http://dams.pa.go.kr:8888/dams/DOCUMENT/2009/11/26/DOC/SRC/0104200911264121300041213013180.PDF,국내
1307636,노태우,공군사관학교 제39기 졸업 및 임관식 연설,1991-03-12,http://dams.pa.go.kr:8888/dams/DOCUMENT/2009/11/26/DOC/SRC/0104200911264121400041214013181.PDF,국내
1307637,노태우,헌법재판소 청사 신축 기공식 연설,1991-03-13,http://dams.pa.go.kr:8888/dams/DOCUMENT/2009/11/26/DOC/SRC/0104200911264121500041215013182.PDF,국내
1307638,노태우,제조업경쟁력강화대책회의 지시,1991-03-14,http://dams.pa.go.kr:8888/dams/DOCUMENT/2009/11/26/DOC/SRC/0104200911264121600041216013183.PDF,국내
1307639,노태우,소련 Far Eastern Affairs지 서면회견,1991-03-19,http://dams.pa.go.kr:8888/dams/DOCUMENT/2009/11/26/DOC/SRC/0104200911264121700041217013184.PDF,국내
1307640,노태우,서울방송 개국 축하 메시지,1991-03-20,http://dams.pa.go.kr:8888/dams/DOCUMENT/2009/11/26/DOC/SRC/0104200911264121800041218013185.PDF,국내
1307641,노태우,전국대학 하계졸업자 초청 오찬 인사말,1991-03-21,http://dams.pa.go.kr:8888/dams/DOCUMENT/2009/11/26/DOC/SRC/0104200911264121900041219013186.PDF,국내
1307642,노태우,소련 TASS 통신 서면회견,1991-03-22,http://dams.pa.go.kr:8888/dams/DOCUMENT/2009/11/26/DOC/SRC/0104200911264122000041220013187.PDF,국내
1307643,노태우,청와대 출입기자단 오찬 간담회,1991-03-26,http://dams.pa.go.kr:8888/dams/DOCUMENT/2009/11/26/DOC/SRC/0104200911264122100041221013188.PDF,국내
1307644,노태우,연극의 해 개막축전 축하 메시지,1991-03-27,http://dams.pa.go.kr:8888/dams/DOCUMENT/2009/11/26/DOC/SRC/0104200911264122200041222013189.PDF,국내
1307645,노태우,경찰대학 제7기 졸업식 연설,1991-03-28,http://dams.pa.go.kr:8888/dams/DOCUMENT/2009/11/26/DOC/SRC/0104200911264122300041223013190.PDF,국내
1307646,노태우,전국대학 하계입학자 초청 오찬 인사말,1991-03-29,http://dams.pa.go.kr:8888/dams/DOCUMENT/2009/11/26/DOC/SRC/0104200911264122400041224013191.PDF,국내
1307647,노태우,유엔 아·태 경제사회리사회 제47차 총회 개회사,1991-04-01,http://dams.pa.go.kr:8888/dams/DOCUMENT/2009/11/26/DOC/SRC/0104200911264122500041225013192.PDF,국제
1307648,노태우,유엔 아·태 경제사회리사회 제47차 총회 회원국 수석대표 초청 오찬연설,1991-04-02,http://dams.pa.go.kr:8888/dams/DOCUMENT/2009/11/26/DOC/SRC/0104200911264122600041226013193.PDF,국제
1307649,노태우,대전 세계박람회 기공식 연설,1991-04-12,http://dams.pa.go.kr:8888/dams/DOCUMENT/2009/11/26/DOC/SRC/0104200911264122700041227013194.PDF,국내
1307650,노태우,시·군·구 의회 개원에 즈음한 축하 메시지,1991-04-15,http://dams.pa.go.kr:8888/dams/DOCUMENT/2009/11/26/DOC/SRC/0104200911264122800041228013195.PDF,국내
1307651,노태우,고르바초프 소련 대통령내외를 위한 만찬 만찬사,1991-04-19,http://dams.pa.go.kr:8888/dams/DOCUMENT/2009/11/26/DOC/SRC/0104200911264122900041229013196.PDF,국내
1307652,노태우,제주 한·소 정상회담시의 대화(발표내용),1991-04-20,http://dams.pa.go.kr:8888/dams/DOCUMENT/2009/11/26/DOC/SRC/0104200911264123000041230013197.PDF,국제
1307654,노태우,제주 한·소 정상회담 결과 언론발표,1991-04-20,http://dams.pa.go.kr:8888/dams/DOCUMENT/2009/11/26/DOC/SRC/0104200911264123200041232013199.PDF,국제
1307653,노태우,제주 한·소 정상회담 후 공동 기자회견,1991-04-20,http://dams.pa.go.kr:8888/dams/DOCUMENT/2009/11/26/DOC/SRC/0104200911264123100041231013198.PDF,국제
1307655,노태우,1991년도 제1회 추가경정예산안 제출에 즈음한 시정연설,1991-04-22,http://dams.pa.go.kr:8888/dams/DOCUMENT/2009/11/26/DOC/SRC/0104200911264123300041233013200.PDF,국내
1307656,노태우,재외공관장을 위한 만찬 연설,1991-04-22,http://dams.pa.go.kr:8888/dams/DOCUMENT/2009/11/26/DOC/SRC/0104200911264123400041234013201.PDF,국내
1307657,노태우,제주 한·소 정상회담 결과 설명 오찬 간담회,1991-04-23,http://dams.pa.go.kr:8888/dams/DOCUMENT/2009/11/26/DOC/SRC/0104200911264123500041235013202.PDF,국제
1307658,노태우,한국과학기자클럽 초청 간담회 기조연설 및 회견,1991-04-30,http://dams.pa.go.kr:8888/dams/DOCUMENT/2009/11/26/DOC/SRC/0104200911264123600041236013203.PDF,국내
1307660,노태우,불교방송 개국 1주년 축하 메시지,1991-05-01,http://dams.pa.go.kr:8888/dams/DOCUMENT/2009/11/26/DOC/SRC/0104200911264123800041238013205.PDF,국내
1307659,노태우,콜롬보 플랜 창립 40주년 축하 메시지,1991-05-01,http://dams.pa.go.kr:8888/dams/DOCUMENT/2009/11/26/DOC/SRC/0104200911264123700041237013204.PDF,국내
1307661,노태우,제24차 태평양경제협의회 축하 메시지,1991-05-04,http://dams.pa.go.kr:8888/dams/DOCUMENT/2009/11/26/DOC/SRC/0104200911264123900041239013206.PDF,국제
1307662,노태우,예순아홉번째 어린이날을 맞아 어린이들에게 보내는 말씀,1991-05-05,http://dams.pa.go.kr:8888/dams/DOCUMENT/2009/11/26/DOC/SRC/0104200911264124000041240013207.PDF,국내
1307663,노태우,한국북극탐험대 북극점 도달 축하 메시지,1991-05-07,http://dams.pa.go.kr:8888/dams/DOCUMENT/2009/11/26/DOC/SRC/0104200911264124100041241013208.PDF,국내
1307664,노태우,홍콩 FEER지 회견,1991-05-09,http://dams.pa.go.kr:8888/dams/DOCUMENT/2009/11/26/DOC/SRC/0104200911264124200041242013209.PDF,국내
1307665,노태우,주암댐 건설 준공식 연설,1991-05-10,http://dams.pa.go.kr:8888/dams/DOCUMENT/2009/11/26/DOC/SRC/0104200911264124300041243013210.PDF,국내
1307666,노태우,세종대왕 숭모제전 다과회 인사말,1991-05-15,http://dams.pa.go.kr:8888/dams/DOCUMENT/2009/11/26/DOC/SRC/0104200911264124400041244013211.PDF,국내
1307667,노태우,부처님 오신날 2535주년 경축 나라와 민족을 위한 신원법회 인사말,1991-05-17,http://dams.pa.go.kr:8888/dams/DOCUMENT/2009/11/26/DOC/SRC/0104200911264124500041245013212.PDF,국내
1307668,노태우,한국문화연구진흥재단 설립 축하 메시지,1991-05-28,http://dams.pa.go.kr:8888/dams/DOCUMENT/2009/11/26/DOC/SRC/0104200911264124600041246013213.PDF,국내
1307669,노태우,청와대 확대 당·정 연석회의에서의 지시,1991-05-28,http://dams.pa.go.kr:8888/dams/DOCUMENT/2009/11/26/DOC/SRC/0104200911264124700041247013214.PDF,국내
1307670,노태우,민주자유당 시·도 의회 의원후보 공천자대회 총재 연설,1991-05-30,http://dams.pa.go.kr:8888/dams/DOCUMENT/2009/11/26/DOC/SRC/0104200911264124800041248013215.PDF,국내
1307671,노태우,미국 Washington Post지 회견,1991-06-04,http://dams.pa.go.kr:8888/dams/DOCUMENT/2009/11/26/DOC/SRC/0104200911264124900041249013216.PDF,국내
1307672,노태우,경복궁 복원 기공식 연설,1991-06-05,http://dams.pa.go.kr:8888/dams/DOCUMENT/2009/11/26/DOC/SRC/0104200911264125000041250013217.PDF,국내
1307673,노태우,민주평화통일자문회의 창설 10주년 기념 리셉션 연설,1991-06-05,http://dams.pa.go.kr:8888/dams/DOCUMENT/2009/11/26/DOC/SRC/0104200911264125100041251013218.PDF,국내
1307674,노태우,캐나다 Gloge&Mail지 회견,1991-06-11,http://dams.pa.go.kr:8888/dams/DOCUMENT/2009/11/26/DOC/SRC/0104200911264125200041252013219.PDF,국내
1307675,노태우,쉴뤼터 덴마크 수상내외를 위한 만찬 만찬사,1991-06-12,http://dams.pa.go.kr:8888/dams/DOCUMENT/2009/11/26/DOC/SRC/0104200911264125300041253013220.PDF,국내
1307676,노태우,미국 New York Times지 회견,1991-06-14,http://dams.pa.go.kr:8888/dams/DOCUMENT/2009/11/26/DOC/SRC/0104200911264125400041254013221.PDF,국내
1307677,노태우,제3회 해외한민족대표자회의 인사말,1991-06-17,http://dams.pa.go.kr:8888/dams/DOCUMENT/2009/11/26/DOC/SRC/0104200911264125500041255013222.PDF,국제
1307678,노태우,대학 총장들과의 대화,1991-06-18,http://dams.pa.go.kr:8888/dams/DOCUMENT/2009/11/26/DOC/SRC/0104200911264125600041256013223.PDF,국내
1307679,노태우,미국 LA Times지 회견,1991-06-23,http://dams.pa.go.kr:8888/dams/DOCUMENT/2009/11/26/DOC/SRC/0104200911264125700041257013224.PDF,국내
1307680,노태우,6·25자유수도전쟁 제41주년 참전용사 위로연' 인사말,1991-06-24,http://dams.pa.go.kr:8888/dams/DOCUMENT/2009/11/26/DOC/SRC/0104200911264125800041258013225.PDF,국내
1307681,노태우,민주자유당 시·도 의회 의원 당선자대회 총재 연설,1991-06-26,http://dams.pa.go.kr:8888/dams/DOCUMENT/2009/11/26/DOC/SRC/0104200911264125900041259013226.PDF,국내
1307682,노태우,6·29선언 4주년 및 미국·캐나다 방문관련 청와대 출입기자단 오찬 간담회,1991-06-27,http://dams.pa.go.kr:8888/dams/DOCUMENT/2009/11/26/DOC/SRC/0104200911264126000041260013227.PDF,국내
1307684,노태우,미국 스탠포드대학 후버연구소 초청 오찬연설,1991-06-29,http://dams.pa.go.kr:8888/dams/DOCUMENT/2009/11/26/DOC/SRC/0104200911264126200041262013229.PDF,국제
1307683,노태우,미 합중국 및 캐나다 국빈방문 출국인사,1991-06-29,http://dams.pa.go.kr:8888/dams/DOCUMENT/2009/11/26/DOC/SRC/0104200911264126100041261013228.PDF,국내
1307686,노태우,아그노스 샌프란시스코 시장내외 주최 만찬 답사,1991-06-30,http://dams.pa.go.kr:8888/dams/DOCUMENT/2009/11/26/DOC/SRC/0104200911264126400041264013231.PDF,국제
1307685,노태우,샌프란시스코 교민 초청 오찬연설,1991-06-30,http://dams.pa.go.kr:8888/dams/DOCUMENT/2009/11/26/DOC/SRC/0104200911264126300041263013230.PDF,국제
1307687,노태우,워싱턴 교민 초청 리셉션 연설,1991-07-01,http://dams.pa.go.kr:8888/dams/DOCUMENT/2009/11/26/DOC/SRC/0104200911264126500041265013232.PDF,국제
1307690,노태우,부시 미국 대통령내외 주최 국빈만찬 답사,1991-07-02,http://dams.pa.go.kr:8888/dams/DOCUMENT/2009/11/26/DOC/SRC/0104200911264126800041268013235.PDF,국제
1307689,노태우,베이커 미국 국무장관내외 주최 오찬 답사,1991-07-02,http://dams.pa.go.kr:8888/dams/DOCUMENT/2009/11/26/DOC/SRC/0104200911264126700041267013234.PDF,국제
1307688,노태우,미 합중국 국빈방문 백악관 공식환영식 답사,1991-07-02,http://dams.pa.go.kr:8888/dams/DOCUMENT/2009/11/26/DOC/SRC/0104200911264126600041266013233.PDF,국제
1307693,노태우,캐나다 국빈방문 공식환영식 답사,1991-07-03,http://dams.pa.go.kr:8888/dams/DOCUMENT/2009/11/26/DOC/SRC/0104200911264127100041271013238.PDF,국제
1307691,노태우,미국 주재 한국특파원단 간담회,1991-07-03,http://dams.pa.go.kr:8888/dams/DOCUMENT/2009/11/26/DOC/SRC/0104200911264126900041269013236.PDF,국제
1307692,노태우,미국 주재 한국대사 초청 오찬 오찬사,1991-07-03,http://dams.pa.go.kr:8888/dams/DOCUMENT/2009/11/26/DOC/SRC/0104200911264127000041270013237.PDF,국제
1307694,노태우,오타와 교민 초청 리셉션 연설,1991-07-03,http://dams.pa.go.kr:8888/dams/DOCUMENT/2009/11/26/DOC/SRC/0104200911264127200041272013239.PDF,국제
1307697,노태우,나티쉰 캐나다 총독내외 주최 국빈만찬 답사,1991-07-04,http://dams.pa.go.kr:8888/dams/DOCUMENT/2009/11/26/DOC/SRC/0104200911264127500041275013242.PDF,국제
1307696,노태우,한국·캐나다 경제인 초청 리셉션 연설,1991-07-04,http://dams.pa.go.kr:8888/dams/DOCUMENT/2009/11/26/DOC/SRC/0104200911264127400041274013241.PDF,국제
1307695,노태우,한·캐나다 정상회담 후 공동 기자회견,1991-07-04,http://dams.pa.go.kr:8888/dams/DOCUMENT/2009/11/26/DOC/SRC/0104200911264127300041273013240.PDF,국제
1307699,노태우,램 브리티쉬 콜럼비아주 총독내외 주최 만찬 답사,1991-07-05,http://dams.pa.go.kr:8888/dams/DOCUMENT/2009/11/26/DOC/SRC/0104200911264127700041277013244.PDF,국제
1307698,노태우,밴쿠버 교민 초청 오찬 연설,1991-07-05,http://dams.pa.go.kr:8888/dams/DOCUMENT/2009/11/26/DOC/SRC/0104200911264127600041276013243.PDF,국제
1307700,노태우,대북교류 관련 밴쿠버선언,1991-07-06,http://dams.pa.go.kr:8888/dams/DOCUMENT/2009/11/26/DOC/SRC/0104200911264127800041278013245.PDF,국제
1307701,노태우,미 합중국 및 캐나다 국빈방문 수행기자단 조찬 간담회,1991-07-07,http://dams.pa.go.kr:8888/dams/DOCUMENT/2009/11/26/DOC/SRC/0104200911264127900041279013246.PDF,국제
1307702,노태우,미 합중국 및 캐나다 국빈방문 귀국인사,1991-07-07,http://dams.pa.go.kr:8888/dams/DOCUMENT/2009/11/26/DOC/SRC/0104200911264128000041280013247.PDF,국내
1307703,노태우,전국 시·도 의회 개원에 즈음한 축하 메시지,1991-07-08,http://dams.pa.go.kr:8888/dams/DOCUMENT/2009/11/26/DOC/SRC/0104200911264128100041281013248.PDF,국내
1307704,노태우,멕시코 EiSolde Mesico지 서면회견,1991-07-09,http://dams.pa.go.kr:8888/dams/DOCUMENT/2009/11/26/DOC/SRC/0104200911264128200041282013249.PDF,국내
1307705,노태우,미국 LEADERS지 특별회견,1991-07-09,http://dams.pa.go.kr:8888/dams/DOCUMENT/2009/11/26/DOC/SRC/0104200911264128300041283013250.PDF,국내
1307706,노태우,민주평화통일자문회의 제5기 출범회의 개회사,1991-07-12,http://dams.pa.go.kr:8888/dams/DOCUMENT/2009/11/26/DOC/SRC/0104200911264128400041284013251.PDF,국내
1307707,노태우,1991년도 제2회 추가경정예산안 제출에 즈음한 시정연설,1991-07-13,http://dams.pa.go.kr:8888/dams/DOCUMENT/2009/11/26/DOC/SRC/0104200911264128500041285013252.PDF,국내
1307708,노태우,민주평화통일자문회의 제5기 지역별 출범회의 개회사,1991-07-16,http://dams.pa.go.kr:8888/dams/DOCUMENT/2009/11/26/DOC/SRC/0104200911264128600041286013253.PDF,국내
1307709,노태우,김대중 신민당 총재와의 대화,1991-07-16,http://dams.pa.go.kr:8888/dams/DOCUMENT/2009/11/26/DOC/SRC/0104200911264128700041287013254.PDF,국내
1307710,노태우,금해일보 창사 3주년 축하 메시지,1991-07-19,http://dams.pa.go.kr:8888/dams/DOCUMENT/2009/11/26/DOC/SRC/0104200911264128800041288013255.PDF,국내
1307711,노태우,경찰청 개청 기념식 연설,1991-08-01,http://dams.pa.go.kr:8888/dams/DOCUMENT/2009/11/26/DOC/SRC/0104200911264128900041289013256.PDF,국내
1307712,노태우,제17회 세계 잼버리대회 참석자 초청 리셉션 인사말,1991-08-12,http://dams.pa.go.kr:8888/dams/DOCUMENT/2009/11/26/DOC/SRC/0104200911264129000041290013257.PDF,국제
1307713,노태우,농협 창립 30주년 기념 농협인대회 연설,1991-08-14,http://dams.pa.go.kr:8888/dams/DOCUMENT/2009/11/26/DOC/SRC/0104200911264129100041291013258.PDF,국내
1307715,노태우,전라일보 창간 3주년 축하 메시지,1991-08-15,http://dams.pa.go.kr:8888/dams/DOCUMENT/2009/11/26/DOC/SRC/0104200911264129300041293013260.PDF,국내
1307714,노태우,제46주년 광복절 경축사,1991-08-15,http://dams.pa.go.kr:8888/dams/DOCUMENT/2009/11/26/DOC/SRC/0104200911264129200041292013259.PDF,국내
1307716,노태우,소련사태 정상화에 따른 언론발표,1991-08-22,http://dams.pa.go.kr:8888/dams/DOCUMENT/2009/11/26/DOC/SRC/0104200911264129400041294013261.PDF,국내
1307717,노태우,민주평화통일자문회의 해외자문위원 초청 다과회 연설,1991-08-28,http://dams.pa.go.kr:8888/dams/DOCUMENT/2009/11/26/DOC/SRC/0104200911264129500041295013262.PDF,국내
1307718,노태우,계간 시와 시학 91년 가을호 특별기고,1991-09-01,http://dams.pa.go.kr:8888/dams/DOCUMENT/2009/11/26/DOC/SRC/0104200911264129600041296013263.PDF,국내
1307719,노태우,중부일보 속간 3주년 축하 메시지,1991-09-01,http://dams.pa.go.kr:8888/dams/DOCUMENT/2009/11/26/DOC/SRC/0104200911264129700041297013264.PDF,국내
1307720,노태우,시·도 교육위원회의 출범에 부치는 인사말,1991-09-02,http://dams.pa.go.kr:8888/dams/DOCUMENT/2009/11/26/DOC/SRC/0104200911264129800041298013265.PDF,국내
1307721,노태우,청와대 새 본관 준공식 연설,1991-09-04,http://dams.pa.go.kr:8888/dams/DOCUMENT/2009/11/26/DOC/SRC/0104200911264129900041299013266.PDF,국내
1307722,노태우,부산일보 창간 45주년 축하 메시지,1991-09-10,http://dams.pa.go.kr:8888/dams/DOCUMENT/2009/11/26/DOC/SRC/0104200911264130000041300013267.PDF,국내
1307723,노태우,제2회 세계한민족체전 개막에 부치는 인사말,1991-09-12,http://dams.pa.go.kr:8888/dams/DOCUMENT/2009/11/26/DOC/SRC/0104200911264130100041301013268.PDF,국제
1307724,노태우,아즐란 샤 말레이시아 국왕내외 공식환영식 환영사,1991-09-13,http://dams.pa.go.kr:8888/dams/DOCUMENT/2009/11/26/DOC/SRC/0104200911264130200041302013269.PDF,국제
1307725,노태우,아즐란 샤 말레이시아 국왕내외를 위한 만찬 만찬사,1991-09-13,http://dams.pa.go.kr:8888/dams/DOCUMENT/2009/11/26/DOC/SRC/0104200911264130300041303013270.PDF,국내
1307726,노태우,제2회 세계한민족체전 참가 동포 초청 다과회 인사말,1991-09-16,http://dams.pa.go.kr:8888/dams/DOCUMENT/2009/11/26/DOC/SRC/0104200911264130400041304013271.PDF,국제
1307729,노태우,시애틀교민 초청 오찬 연설,1991-09-20,http://dams.pa.go.kr:8888/dams/DOCUMENT/2009/11/26/DOC/SRC/0104200911264130700041307013274.PDF,국제
1307728,노태우,유엔 및 멕시코합중국 국빈 방문 출국인사,1991-09-20,http://dams.pa.go.kr:8888/dams/DOCUMENT/2009/11/26/DOC/SRC/0104200911264130600041306013273.PDF,국내
1307727,노태우,중앙일보 창간 26돌 기념 특별회견,1991-09-20,http://dams.pa.go.kr:8888/dams/DOCUMENT/2009/11/26/DOC/SRC/0104200911264130500041305013272.PDF,국내
1307731,노태우,뉴욕 교민 초청 리셉션 연설,1991-09-22,http://dams.pa.go.kr:8888/dams/DOCUMENT/2009/11/26/DOC/SRC/0104200911264130900041309013276.PDF,국제
1307730,노태우,미국 CNN TV 특별회견,1991-09-22,http://dams.pa.go.kr:8888/dams/DOCUMENT/2009/11/26/DOC/SRC/0104200911264130800041308013275.PDF,국제
1307732,노태우,제46차 유엔총회 기조연설,1991-09-24,http://dams.pa.go.kr:8888/dams/DOCUMENT/2009/11/26/DOC/SRC/0104200911264131000041310013277.PDF,국제
1307733,노태우,유엔 가입 경축사절단을 위한 오찬 연설,1991-09-24,http://dams.pa.go.kr:8888/dams/DOCUMENT/2009/11/26/DOC/SRC/0104200911264131100041311013278.PDF,국내
1307735,노태우,멕시코합중국 국빈방문 공식환영식 답사,1991-09-25,http://dams.pa.go.kr:8888/dams/DOCUMENT/2009/11/26/DOC/SRC/0104200911264131300041313013280.PDF,국제
1307734,노태우,뉴욕 주재 한국특파원단 간담회,1991-09-25,http://dams.pa.go.kr:8888/dams/DOCUMENT/2009/11/26/DOC/SRC/0104200911264131200041312013279.PDF,국제
1307736,노태우,살리나스 멕시코 대통령내외 주최 국빈만찬 답사,1991-09-25,http://dams.pa.go.kr:8888/dams/DOCUMENT/2009/11/26/DOC/SRC/0104200911264131400041314013281.PDF,국제
1307738,노태우,한국·멕시코 경제협회위원회 오찬 연설,1991-09-26,http://dams.pa.go.kr:8888/dams/DOCUMENT/2009/11/26/DOC/SRC/0104200911264131600041316013283.PDF,국제
1307739,노태우,멕시코 교민초청 만찬 연설,1991-09-26,http://dams.pa.go.kr:8888/dams/DOCUMENT/2009/11/26/DOC/SRC/0104200911264131700041317013284.PDF,국제
1307737,노태우,멕시코 시청 방문 인사말,1991-09-26,http://dams.pa.go.kr:8888/dams/DOCUMENT/2009/11/26/DOC/SRC/0104200911264131500041315013282.PDF,국제
1307740,노태우,부시 미국 대통령의 핵폐기선언과 관련한 하와이 발표,1991-09-27,http://dams.pa.go.kr:8888/dams/DOCUMENT/2009/11/26/DOC/SRC/0104200911264131800041318013285.PDF,국제
1307741,노태우,하와이 교민 초청 리셉션 연설,1991-09-27,http://dams.pa.go.kr:8888/dams/DOCUMENT/2009/11/26/DOC/SRC/0104200911264131900041319013286.PDF,국제
1307742,노태우,유엔 및 멕시코합중국 국빈방문 수행기자단 조찬 간담회,1991-09-28,http://dams.pa.go.kr:8888/dams/DOCUMENT/2009/11/26/DOC/SRC/0104200911264132000041320013287.PDF,국제
1307743,노태우,미국 Newsweek지 회견,1991-09-30,http://dams.pa.go.kr:8888/dams/DOCUMENT/2009/11/26/DOC/SRC/0104200911264132100041321013288.PDF,국제
1307744,노태우,유엔 및 멕시코합중국 국빈 방문 귀국인사,1991-09-30,http://dams.pa.go.kr:8888/dams/DOCUMENT/2009/11/26/DOC/SRC/0104200911264132200041322013289.PDF,국내
1307745,노태우,유엔 및 멕시코 순방 후속조치를 위한 청와대 국무회의 지시,1991-10-01,http://dams.pa.go.kr:8888/dams/DOCUMENT/2009/11/26/DOC/SRC/0104200911264132300041323013290.PDF,국내
1307746,노태우,경향신문 창간 45돌 기념 특별회견,1991-10-05,http://dams.pa.go.kr:8888/dams/DOCUMENT/2009/11/26/DOC/SRC/0104200911264132400041324013291.PDF,국제
1307747,노태우,제72회 전국체육대회 개회식 연설,1991-10-07,http://dams.pa.go.kr:8888/dams/DOCUMENT/2009/11/26/DOC/SRC/0104200911264132500041325013292.PDF,국제
1307748,노태우,제15차 세계법률가대회 축하 메시지,1991-10-08,http://dams.pa.go.kr:8888/dams/DOCUMENT/2009/11/26/DOC/SRC/0104200911264132600041326013293.PDF,국내
1307749,노태우,1992년도 예산안 제출에 즈음한 시정연설,1991-10-09,http://dams.pa.go.kr:8888/dams/DOCUMENT/2009/11/26/DOC/SRC/0104200911264132700041327013294.PDF,국내
1307750,노태우,한국청년회의소 제40차 전국회원대회에 보내는 인사말,1991-10-11,http://dams.pa.go.kr:8888/dams/DOCUMENT/2009/11/26/DOC/SRC/0104200911264132800041328013295.PDF,국내
1307751,노태우,민주평화통일자문회의 제5기 군영· 상임위원회 공동사회 연설,1991-10-14,http://dams.pa.go.kr:8888/dams/DOCUMENT/2009/11/26/DOC/SRC/0104200911264132900041329013296.PDF,국내
1307752,노태우,새질서 새생활운동 1주년 평가회 인사말,1991-10-15,http://dams.pa.go.kr:8888/dams/DOCUMENT/2009/11/26/DOC/SRC/0104200911264133000041330013297.PDF,국내
1307753,노태우,민주자유당 중앙위원회 군영위원 초청 다과회 인사말,1991-10-17,http://dams.pa.go.kr:8888/dams/DOCUMENT/2009/11/26/DOC/SRC/0104200911264133100041331013298.PDF,국내
1307754,노태우,광주문화예술회관 개관 축하 메시지,1991-10-21,http://dams.pa.go.kr:8888/dams/DOCUMENT/2009/11/26/DOC/SRC/0104200911264133200041332013299.PDF,국내
1307755,노태우,제46주년 경찰의 날 기념식 연설,1991-10-21,http://dams.pa.go.kr:8888/dams/DOCUMENT/2009/11/26/DOC/SRC/0104200911264133300041333013300.PDF,국내
1307756,노태우,오치르바트 몽골 대통령내외 공식환영식 환영사,1991-10-23,http://dams.pa.go.kr:8888/dams/DOCUMENT/2009/11/26/DOC/SRC/0104200911264133400041334013301.PDF,국제
1307757,노태우,오치르바트 몽골 대통령내외를 위한 만찬 만찬사,1991-10-23,http://dams.pa.go.kr:8888/dams/DOCUMENT/2009/11/26/DOC/SRC/0104200911264133500041335013302.PDF,국내
1307759,노태우,21세기위원회 초청 외국학자 접견 대화,1991-10-24,http://dams.pa.go.kr:8888/dams/DOCUMENT/2009/11/26/DOC/SRC/0104200911264133700041337013304.PDF,국제
1307758,노태우,강원일보 창간 45주년 축하 메시지,1991-10-24,http://dams.pa.go.kr:8888/dams/DOCUMENT/2009/11/26/DOC/SRC/0104200911264133600041336013303.PDF,국내
1307760,노태우,인도 PTI통신 서면회견,1991-10-27,http://dams.pa.go.kr:8888/dams/DOCUMENT/2009/11/26/DOC/SRC/0104200911264133800041338013305.PDF,국내
1307761,노태우,제28회 저축의 날 기념식 연설,1991-10-29,http://dams.pa.go.kr:8888/dams/DOCUMENT/2009/11/26/DOC/SRC/0104200911264133900041339013306.PDF,국내
1307762,노태우,독일 DIE ZEIT지 서면회견,1991-10-31,http://dams.pa.go.kr:8888/dams/DOCUMENT/2009/11/26/DOC/SRC/0104200911264134000041340013307.PDF,국내
1307763,노태우,제46차 국제청년회의소 세계대회 축하 메시지,1991-11-01,http://dams.pa.go.kr:8888/dams/DOCUMENT/2009/11/26/DOC/SRC/0104200911264134100041341013308.PDF,국제
1307764,노태우,한반도의 비핵화와 평화구축을 위한 선언,1991-11-08,http://dams.pa.go.kr:8888/dams/DOCUMENT/2009/11/26/DOC/SRC/0104200911264134200041342013309.PDF,국내
1307765,노태우,안산 근로자주택 입주식 연설,1991-11-08,http://dams.pa.go.kr:8888/dams/DOCUMENT/2009/11/26/DOC/SRC/0104200911264134300041343013310.PDF,국내
1307766,노태우,한국·스위스 적십자 경축행사 축하 메시지,1991-11-09,http://dams.pa.go.kr:8888/dams/DOCUMENT/2009/11/26/DOC/SRC/0104200911264134400041344013311.PDF,국제
1307767,노태우,제3차 아시아·태평양 경제협력각료회의 기조연설,1991-11-12,http://dams.pa.go.kr:8888/dams/DOCUMENT/2009/11/26/DOC/SRC/0104200911264134500041345013312.PDF,국제
1307768,노태우,제29차 한일·일한 협력위원회 합동회의 축하 메시지,1991-11-13,http://dams.pa.go.kr:8888/dams/DOCUMENT/2009/11/26/DOC/SRC/0104200911264134600041346013313.PDF,국제
1307769,노태우,미국 Newsweek지 회견,1991-11-18,http://dams.pa.go.kr:8888/dams/DOCUMENT/2009/11/26/DOC/SRC/0104200911264134700041347013314.PDF,국내
1307770,노태우,민중당 간부 접견 대화,1991-11-18,http://dams.pa.go.kr:8888/dams/DOCUMENT/2009/11/26/DOC/SRC/0104200911264134800041348013315.PDF,국내
1307771,노태우,멕시코 Vision지 서면회견,1991-11-20,http://dams.pa.go.kr:8888/dams/DOCUMENT/2009/11/26/DOC/SRC/0104200911264134900041349013316.PDF,국내
1307772,노태우,전북도민일보 창간 3주년 축하 메시지,1991-11-22,http://dams.pa.go.kr:8888/dams/DOCUMENT/2009/11/26/DOC/SRC/0104200911264135000041350013317.PDF,국내
1307773,노태우,서울신문 창간 46돌 기념 특별회견,1991-11-22,http://dams.pa.go.kr:8888/dams/DOCUMENT/2009/11/26/DOC/SRC/0104200911264135100041351013318.PDF,국내
1307774,노태우,1991년도 새마을지도자대회 연설,1991-11-23,http://dams.pa.go.kr:8888/dams/DOCUMENT/2009/11/26/DOC/SRC/0104200911264135200041352013319.PDF,국내
1307775,노태우,경인선 복복선 기공식 및 구로 3복선 개통식 연설,1991-11-23,http://dams.pa.go.kr:8888/dams/DOCUMENT/2009/11/26/DOC/SRC/0104200911264135300041353013320.PDF,국내
1307776,노태우,새만금 간척 종합개발사업 기공식 연설,1991-11-28,http://dams.pa.go.kr:8888/dams/DOCUMENT/2009/11/26/DOC/SRC/0104200911264135400041354013321.PDF,국내
1307777,노태우,제28회 무역의 날 기념식 연설,1991-11-30,http://dams.pa.go.kr:8888/dams/DOCUMENT/2009/11/26/DOC/SRC/0104200911264135500041355013322.PDF,국내
1307778,노태우,문화방송 창사 30주년 축하 메시지,1991-12-02,http://dams.pa.go.kr:8888/dams/DOCUMENT/2009/11/26/DOC/SRC/0104200911264135600041356013323.PDF,국내
1307779,노태우,대구 지하철 1호선 건설 기공식 연설,1991-12-07,http://dams.pa.go.kr:8888/dams/DOCUMENT/2009/11/26/DOC/SRC/0104200911264135700041357013324.PDF,국내
1307780,노태우,서울방송 텔레비전 개국특집 특별회견,1991-12-09,http://dams.pa.go.kr:8888/dams/DOCUMENT/2009/11/26/DOC/SRC/0104200911264135800041358013325.PDF,국내
1307781,노태우,일본 중일신문 회견,1991-12-12,http://dams.pa.go.kr:8888/dams/DOCUMENT/2009/11/26/DOC/SRC/0104200911264135900041359013326.PDF,국내
1307782,노태우,남북고위급회담 북측 대표단 접견 대화,1991-12-13,http://dams.pa.go.kr:8888/dams/DOCUMENT/2009/11/26/DOC/SRC/0104200911264136000041360013327.PDF,국내
1307783,노태우,기독교방송 개국 37주년 축하 메시지,1991-12-15,http://dams.pa.go.kr:8888/dams/DOCUMENT/2009/11/26/DOC/SRC/0104200911264136100041361013328.PDF,국내
1307784,노태우,한반도의 비핵화와 관련한 특별발표,1991-12-18,http://dams.pa.go.kr:8888/dams/DOCUMENT/2009/11/26/DOC/SRC/0104200911264136200041362013329.PDF,국내
1307785,노태우,연합통신 창사 11주년 기념 특별회견,1991-12-19,http://dams.pa.go.kr:8888/dams/DOCUMENT/2009/11/26/DOC/SRC/0104200911264136300041363013330.PDF,국내
1307786,노태우,주한미군장병에게 보내는 성탄절 메시지,1991-12-24,http://dams.pa.go.kr:8888/dams/DOCUMENT/2009/11/26/DOC/SRC/0104200911264136400041364013331.PDF,국제
1307787,노태우,청와대 출입기자단 송년 오찬 간담회,1991-12-26,http://dams.pa.go.kr:8888/dams/DOCUMENT/2009/11/26/DOC/SRC/0104200911264136500041365013332.PDF,국내
1307788,노태우,1992년도 신년사,1992-01-01,http://dams.pa.go.kr:8888/dams/DOCUMENT/2009/11/26/DOC/SRC/0104200911264136600041366013333.PDF,국내
1307790,노태우,부시 미국 대통령내외를 위한 만찬 만찬사,1992-01-06,http://dams.pa.go.kr:8888/dams/DOCUMENT/2009/11/26/DOC/SRC/0104200911264136800041368013335.PDF,국내
1307789,노태우,한·미 정상회담 후 언론발표 및 공동 기자회견,1992-01-06,http://dams.pa.go.kr:8888/dams/DOCUMENT/2009/11/26/DOC/SRC/0104200911264136700041367013334.PDF,국내
1307791,노태우,대한상의 주최 신년인사회 인사말,1992-01-08,http://dams.pa.go.kr:8888/dams/DOCUMENT/2009/11/26/DOC/SRC/0104200911264136900041369013336.PDF,국내
1307792,노태우,민주자유당 최고위원 접견 결과 발표,1992-01-09,http://dams.pa.go.kr:8888/dams/DOCUMENT/2009/11/26/DOC/SRC/0104200911264137000041370013337.PDF,국내
1307793,노태우,1992년 연두 기자회견,1992-01-10,http://dams.pa.go.kr:8888/dams/DOCUMENT/2009/11/26/DOC/SRC/0104200911264137100041371013338.PDF,국내
1307794,노태우,미야자와 일본 총리를 위한 만찬 만찬사,1992-01-16,http://dams.pa.go.kr:8888/dams/DOCUMENT/2009/11/26/DOC/SRC/0104200911264137200041372013339.PDF,국내
1307795,노태우,한·일 정상회담 후 언론발표 및 공동 기자회견,1992-01-17,http://dams.pa.go.kr:8888/dams/DOCUMENT/2009/11/26/DOC/SRC/0104200911264137300041373013340.PDF,국내
1307796,노태우,프랑스 Politique Internationale지 서면회견,1992-01-30,http://dams.pa.go.kr:8888/dams/DOCUMENT/2009/11/26/DOC/SRC/0104200911264137400041374013341.PDF,국제
1314475,노태우,민주자유당(民主自由黨) 지구당(地區黨) 개편(改編)·창당대회(創黨大會) 총재(總裁) 연설,1992-02-01,http://dams.pa.go.kr:8888/dams/DOCUMENT/2010/10/06/DOC/SRC/0104201010064654400046544012435.PDF,국내
1314477,노태우,단한외교단(壇韓外交團) 초청 만찬(晩叢) 연설,1992-02-07,http://dams.pa.go.kr:8888/dams/DOCUMENT/2010/10/06/DOC/SRC/0104201010064654600046546012437.PDF,국내
1314476,노태우,민주자유당(民主自由黨) 14대 국회의원후보(國會議員候補) 추천장 수여식(接與式) 총재(總栽) 인사말,1992-02-07,http://dams.pa.go.kr:8888/dams/DOCUMENT/2010/10/06/DOC/SRC/0104201010064654500046545012436.PDF,국내
1314479,노태우,민주자유당(民主自由黨) 창당(創黨) 2주년 축하연(祝賀宴) 총재(總裁) 인사말,1992-02-08,http://dams.pa.go.kr:8888/dams/DOCUMENT/2010/10/06/DOC/SRC/0104201010064654800046548012439.PDF,국내
1314478,노태우,민주자유당(民主自由黨) 창당(創黨) 2주년 기념식(紀念式) 총재(總栽) 연설,1992-02-08,http://dams.pa.go.kr:8888/dams/DOCUMENT/2010/10/06/DOC/SRC/0104201010064654700046547012438.PDF,국내
1314480,노태우,‘남북기본합의서(南北基本合意書)’ 발효(發效)에 즈음한 특별담화,1992-02-19,http://dams.pa.go.kr:8888/dams/DOCUMENT/2010/10/06/DOC/SRC/0104201010064654900046549012440.PDF,국내
1314481,노태우,취임(就任) 4주년 청와대(靑瓦臺) 출입기자단 오찬(午襲) 간담회,1992-02-22,http://dams.pa.go.kr:8888/dams/DOCUMENT/2010/10/06/DOC/SRC/0104201010064655000046550012441.PDF,국내
1314483,노태우,‘춤의 해’ 개막축전(開幕祝典) 축하(祝賀) 메시지,1992-02-29,http://dams.pa.go.kr:8888/dams/DOCUMENT/2010/10/06/DOC/SRC/0104201010064655200046552012443.PDF,국내
1314482,노태우,매일신문(每日新聞) 창간(創刊) 46주년 기념(紀念) 특별회견,1992-02-29,http://dams.pa.go.kr:8888/dams/DOCUMENT/2010/10/06/DOC/SRC/0104201010064655100046551012442.PDF,국내
1314474,노태우,민주자유당(民主自由黨) 창당(創黨) 2주년에 즈음한 총재(總栽) 서한,1992-02-01,http://dams.pa.go.kr:8888/dams/DOCUMENT/2010/10/06/DOC/SRC/0104201010064654300046543012434.PDF,국내
1314485,노태우,제73주년 3·1절(飾) 기념사,1992-03-01,http://dams.pa.go.kr:8888/dams/DOCUMENT/2010/10/06/DOC/SRC/0104201010064655400046554012445.PDF,국내
1314486,노태우,육군사관학교(陸軍士官學校) 제48기 졸업(卒業) 및 임관식(任官式) 연설,1992-03-02,http://dams.pa.go.kr:8888/dams/DOCUMENT/2010/10/06/DOC/SRC/0104201010064655500046555012446.PDF,국내
1314487,노태우,한국방송공사 창사(創社) 19주년 기념(紀念) KBS-TV 특별회견,1992-03-03,http://dams.pa.go.kr:8888/dams/DOCUMENT/2010/10/06/DOC/SRC/0104201010064655600046556012447.PDF,국내
1314488,노태우,공군사관학교(空軍士官學校) 제40기 졸업(卒業) 및 임관식(任官式) 연설,1992-03-04,http://dams.pa.go.kr:8888/dams/DOCUMENT/2010/10/06/DOC/SRC/0104201010064655700046557012448.PDF,국내
1314489,노태우,해군사관학교(海軍士官學校) 제46기 졸업(卒業) 및 임관식(任官式) 연설,1992-03-09,http://dams.pa.go.kr:8888/dams/DOCUMENT/2010/10/06/DOC/SRC/0104201010064655800046558012449.PDF,국내
1314490,노태우,재외공관장(在外公館長)을 위한 만찬(晩業) 연설,1992-03-10,http://dams.pa.go.kr:8888/dams/DOCUMENT/2010/10/06/DOC/SRC/0104201010064655900046559012450.PDF,국내
1314491,노태우,92년도 전국 대학 우수졸업자(優秀卒業者) 초청 오찬(午餐) 인사말,1992-03-11,http://dams.pa.go.kr:8888/dams/DOCUMENT/2010/10/06/DOC/SRC/0104201010064656000046560012451.PDF,국내
1314492,노태우,국민일보(國民日報) 지령(紙齡) 1000호 기념(紀念) 특별회견,1992-03-14,http://dams.pa.go.kr:8888/dams/DOCUMENT/2010/10/06/DOC/SRC/0104201010064656100046561012452.PDF,국내
1314493,노태우,경남신문(慶南新聞) 창간(創刊) 46주년 기념(紀念) 특별회견,1992-03-15,http://dams.pa.go.kr:8888/dams/DOCUMENT/2010/10/06/DOC/SRC/0104201010064656200046562012453.PDF,국내
1314494,노태우,충청일보(忠淸日報) 창간(創刊) 46주년 기념(紀念) 특별회견,1992-03-16,http://dams.pa.go.kr:8888/dams/DOCUMENT/2010/10/06/DOC/SRC/0104201010064656300046563012454.PDF,국내
1314495,노태우,경찰대학(警察大學) 제8기 졸업(卒業) 및 임용식(任用式) 연설,1992-03-19,http://dams.pa.go.kr:8888/dams/DOCUMENT/2010/10/06/DOC/SRC/0104201010064656400046564012455.PDF,국내
1314496,노태우,매일경제신문(每日經濟新聞) 창간(創刊) 26주년 축하(祝賀) 메시지,1992-03-24,http://dams.pa.go.kr:8888/dams/DOCUMENT/2010/10/06/DOC/SRC/0104201010064656500046565012456.PDF,국내
1314497,노태우,92년도 전국 대학 우수입학자(優秀入學者) 초청 오찬(午餐) 인사말,1992-03-26,http://dams.pa.go.kr:8888/dams/DOCUMENT/2010/10/06/DOC/SRC/0104201010064656600046566012457.PDF,국내
1314498,노태우,민주자유당(民主自由黨) 제14대 국회의원(國會議員) 당선자대회 총재(總栽) 연설,1992-03-31,http://dams.pa.go.kr:8888/dams/DOCUMENT/2010/10/06/DOC/SRC/0104201010064656700046567012458.PDF,국내
1314484,노태우,민주자유당(民主自由黨) 정책평가위원(政策評價委員)에 보내는 총재(總栽) 서한,1992-03-01,http://dams.pa.go.kr:8888/dams/DOCUMENT/2010/10/06/DOC/SRC/0104201010064655300046553012444.PDF,국내
1314500,노태우,민주자유당(民主自由黨) 지구당(地區黨) 정기대회 총재(總裁) 연설,1992-04-08,http://dams.pa.go.kr:8888/dams/DOCUMENT/2010/10/06/DOC/SRC/0104201010064656900046569012460.PDF,국내
1314501,노태우,민주자유당(民主自由黨) 시(市)·도지부(道支部) 개편대회 총재(總裁) 연설,1992-04-15,http://dams.pa.go.kr:8888/dams/DOCUMENT/2010/10/06/DOC/SRC/0104201010064657000046570012461.PDF,국내
1314502,노태우,AP통신(通信) 특별회견,1992-04-16,http://dams.pa.go.kr:8888/dams/DOCUMENT/2010/10/06/DOC/SRC/0104201010064657100046571012462.PDF,국내
1314503,노태우,광주일보(光州日報) 창사(創社) 40주년 기념(紀念) 특별회견,1992-04-20,http://dams.pa.go.kr:8888/dams/DOCUMENT/2010/10/06/DOC/SRC/0104201010064657200046572012463.PDF,국내
1314505,노태우,하벨 체코슬로바키아 대통령내외(大統領內外)를 위한 만찬(晩餐) 만찬사,1992-04-27,http://dams.pa.go.kr:8888/dams/DOCUMENT/2010/10/06/DOC/SRC/0104201010064657400046574012465.PDF,국내
1314504,노태우,하벨 체코슬로바키아 대통령(大統領) 공식환영식(公式歡迎式) 환영사,1992-04-27,http://dams.pa.go.kr:8888/dams/DOCUMENT/2010/10/06/DOC/SRC/0104201010064657300046573012464.PDF,국내
1314506,노태우,충무공(忠武公) 탄신(誕辰) 제447회 기념 다례행제(茶禮行祭) 인사말,1992-04-28,http://dams.pa.go.kr:8888/dams/DOCUMENT/2010/10/06/DOC/SRC/0104201010064657500046575012466.PDF,국내
1314499,노태우,민주자유당(民主自由黨) 제2차 전당대회(全黨大會) 대의원(代議員)에 보내는 총재(總裁) 서한,1992-04-01,http://dams.pa.go.kr:8888/dams/DOCUMENT/2010/10/06/DOC/SRC/0104201010064656800046568012459.PDF,국내
1314507,노태우,제24회 국가조찬기도회(國家朝餐祈禱會) 인사말,1992-05-01,http://dams.pa.go.kr:8888/dams/DOCUMENT/2010/10/06/DOC/SRC/0104201010064657600046576012467.PDF,국내
1314509,노태우,"미국(美國) 대규모 소요사태(騷擾事態) 관련, LA지역 교민(僑民)에 보내는 위안전문(慰安電文)",1992-05-02,http://dams.pa.go.kr:8888/dams/DOCUMENT/2010/10/06/DOC/SRC/0104201010064657800046578012469.PDF,국내
1314508,노태우,"미국(美國) 대규모 소요사태(騷擾事態) 관련, 부시 미국 대통령(大統領)에 보내는 메시지",1992-05-02,http://dams.pa.go.kr:8888/dams/DOCUMENT/2010/10/06/DOC/SRC/0104201010064657700046577012468.PDF,국내
1314510,노태우,일흔 번째 ‘어린이날’을 맞아 어린이들에게 보내는 말씀,1992-05-05,http://dams.pa.go.kr:8888/dams/DOCUMENT/2010/10/06/DOC/SRC/0104201010064657900046579012470.PDF,국내
1314511,노태우,부처님 오신 날 2536돌 기념(紀念) '나라와 민족(民族)을 위한 기원법회(祈願法會)' 인사말,1992-05-09,http://dams.pa.go.kr:8888/dams/DOCUMENT/2010/10/06/DOC/SRC/0104201010064658000046580012471.PDF,국내
1314512,노태우,민주평화통일자문회의(民主平和統一諮問會議) 제5차 지역회의(地域會議) 연설,1992-05-12,http://dams.pa.go.kr:8888/dams/DOCUMENT/2010/10/06/DOC/SRC/0104201010064658100046581012472.PDF,국내
1314513,노태우,임하(臨河) 다목적(多目的) 댐 준공식(竣工式) 연설,1992-05-13,http://dams.pa.go.kr:8888/dams/DOCUMENT/2010/10/06/DOC/SRC/0104201010064658200046582012473.PDF,국내
1314514,노태우,제30회 전국(全國) 중소기업자대회(中小企業者大會) 연설,1992-05-14,http://dams.pa.go.kr:8888/dams/DOCUMENT/2010/10/06/DOC/SRC/0104201010064658300046583012474.PDF,국내
1314515,노태우,제595회 세종대왕(世宗大王) 숭모제전(崇慕祭典) 다과회(茶菓會) 인사말,1992-05-15,http://dams.pa.go.kr:8888/dams/DOCUMENT/2010/10/06/DOC/SRC/0104201010064658400046584012475.PDF,국내
1314516,노태우,민주자유당(民主自由黨) 제2차 전당대회(全黨大會) 및 대통령후보자(大統領候補者) 선출대회(選出大會) 총재(總栽) 연설,1992-05-19,http://dams.pa.go.kr:8888/dams/DOCUMENT/2010/10/06/DOC/SRC/0104201010064658500046585012476.PDF,국내
1314518,노태우,인도 「Times of India」지(紙) 서면회견,1992-05-20,http://dams.pa.go.kr:8888/dams/DOCUMENT/2010/10/06/DOC/SRC/0104201010064658700046587012478.PDF,국내
1314517,노태우,민주자유당(民主自由黨) 제2차 전당대회(全黨大會) 축하연(祝賀宴) 총재(總裁) 인사말,1992-05-20,http://dams.pa.go.kr:8888/dams/DOCUMENT/2010/10/06/DOC/SRC/0104201010064658600046586012477.PDF,국내
1314522,노태우,소글로 베넹공화국(共和國) 대통령(大統領) 공식환영식(公式歡迎式) 환영사,1992-06-01,http://dams.pa.go.kr:8888/dams/DOCUMENT/2010/10/06/DOC/SRC/0104201010064659100046591012482.PDF,국내
1314523,노태우,소글로 베넹 공화국(共和國) 대통령내외(大統領內外)를 위한 만찬(晩餐) 만찬사,1992-06-01,http://dams.pa.go.kr:8888/dams/DOCUMENT/2010/10/06/DOC/SRC/0104201010064659200046592012483.PDF,국내
1314521,노태우,전북일보(全北日報) 창간(創刊) 42주년 기념(紀念) 특별회견,1992-06-01,http://dams.pa.go.kr:8888/dams/DOCUMENT/2010/10/06/DOC/SRC/0104201010064659000046590012481.PDF,국내
1314520,노태우,내외경제신문(內外經濟新聞) 창간(創刊) 19주년 기념(紀念) 특별회견,1992-06-01,http://dams.pa.go.kr:8888/dams/DOCUMENT/2010/10/06/DOC/SRC/0104201010064658900046589012480.PDF,국내
1314524,노태우,'환경보전(環境保全)을 위한 국가선언(國家宣言)' 선포식(宣布式) 연설,1992-06-05,http://dams.pa.go.kr:8888/dams/DOCUMENT/2010/10/06/DOC/SRC/0104201010064659300046593012484.PDF,국내
1314526,노태우,카리모프 우즈베키스탄공화국(共和國) 대통령(大統領)을 위한 만찬(晩餐) 만찬사,1992-06-17,http://dams.pa.go.kr:8888/dams/DOCUMENT/2010/10/06/DOC/SRC/0104201010064659500046595012486.PDF,국내
1314525,노태우,카리모프 우즈베키스탄공화국(共和國) 대통령(大統領) 공식환영식(公式歡迎式) 환영사,1992-06-17,http://dams.pa.go.kr:8888/dams/DOCUMENT/2010/10/06/DOC/SRC/0104201010064659400046594012485.PDF,국내
1314527,노태우,제주신문(濟州新聞) 창간(創刊) 47주년 기념(紀念) 특별회견,1992-06-20,http://dams.pa.go.kr:8888/dams/DOCUMENT/2010/10/06/DOC/SRC/0104201010064659600046596012487.PDF,국내
1314528,노태우,6·25참전용사(參戰勇士) 위로연(慰勞宴) 인사말,1992-06-25,http://dams.pa.go.kr:8888/dams/DOCUMENT/2010/10/06/DOC/SRC/0104201010064659700046597012488.PDF,국내
1314529,노태우,6·29선언(宣言) 5주년 청와대(靑瓦臺) 출입기자단 간담회,1992-06-26,http://dams.pa.go.kr:8888/dams/DOCUMENT/2010/10/06/DOC/SRC/0104201010064659800046598012489.PDF,국내
1314530,노태우,6·29선언(宣言) 5주년 평가보고회의(評價報告會議) 인사말,1992-06-27,http://dams.pa.go.kr:8888/dams/DOCUMENT/2010/10/06/DOC/SRC/0104201010064659900046599012490.PDF,국내
1314533,노태우,6·29선언(宣言) 5주년 기념(紀念) ‘보통사람과의 대화’ 인사말,1992-06-29,http://dams.pa.go.kr:8888/dams/DOCUMENT/2010/10/06/DOC/SRC/0104201010064660200046602012493.PDF,국내
1314532,노태우,제14대 국회(圈會) 개원식(開院式) 연설,1992-06-29,http://dams.pa.go.kr:8888/dams/DOCUMENT/2010/10/06/DOC/SRC/0104201010064660100046601012492.PDF,국내
1314531,노태우,미국「The Wall Street Journal」지(紙) 특별회견,1992-06-29,http://dams.pa.go.kr:8888/dams/DOCUMENT/2010/10/06/DOC/SRC/0104201010064660000046600012491.PDF,국내
1314534,노태우,경부고속철도(京釜高速鐵道) 건설 기공식(起工式) 연설,1992-06-30,http://dams.pa.go.kr:8888/dams/DOCUMENT/2010/10/06/DOC/SRC/0104201010064660300046603012494.PDF,국내
1314519,노태우,민주평화통일자문회의(民主平和統一諮問會議) 제5차 해외지역회의(海外地域會議) 연설,1992-06-01,http://dams.pa.go.kr:8888/dams/DOCUMENT/2010/10/06/DOC/SRC/0104201010064658800046588012479.PDF,국내
1314535,노태우,인천일보(仁川日報). 창간(創刊) 4주년 기념(紀念) 특별회견,1992-07-15,http://dams.pa.go.kr:8888/dams/DOCUMENT/2010/10/06/DOC/SRC/0104201010064660400046604012495.PDF,국내
1314536,노태우,KBS ‘쓰레기 줄이기 운동’ 특집방송에 보내는 메시지,1992-07-18,http://dams.pa.go.kr:8888/dams/DOCUMENT/2010/10/06/DOC/SRC/0104201010064660500046605012496.PDF,국내
1314537,노태우,기호일보(畿湖日報) 창간(創刊) 4주년 축하(祝賀) 떼시지,1992-07-20,http://dams.pa.go.kr:8888/dams/DOCUMENT/2010/10/06/DOC/SRC/0104201010064660600046606012497.PDF,국내
1314538,노태우,경기일보(京畿日報) 창간(創刊) 4주년 기념(紀念) 특별회견,1992-08-07,http://dams.pa.go.kr:8888/dams/DOCUMENT/2010/10/06/DOC/SRC/0104201010064660700046607012498.PDF,국내
1314539,노태우,첫 과학위성(科學衛星) ‘우리별 1호’ 발사(發射) 성공(成功)에 부치는 축하(祝賀) 메시지,1992-08-11,http://dams.pa.go.kr:8888/dams/DOCUMENT/2010/10/06/DOC/SRC/0104201010064660800046608012499.PDF,국내
1314540,노태우,제3회 전국(全國) 농어민후계자대회(農漁民後繼者大會) 개회식(開會式) 연설,1992-08-11,http://dams.pa.go.kr:8888/dams/DOCUMENT/2010/10/06/DOC/SRC/0104201010064660900046609012500.PDF,국내
1314541,노태우,제25회 바르셀로나 올림픽 참가선수단(參加選手團) 초청 다과회(茶菓會) 인사말,1992-08-13,http://dams.pa.go.kr:8888/dams/DOCUMENT/2010/10/06/DOC/SRC/0104201010064661000046610012501.PDF,국내
1314542,노태우,코리아헤럴드 창간(創刊) 39주년 기념(紀念) 특별회견,1992-08-15,http://dams.pa.go.kr:8888/dams/DOCUMENT/2010/10/06/DOC/SRC/0104201010064661100046611012502.PDF,국내
1314543,노태우,제47주년 광복절(光復節)경축사,1992-08-15,http://dams.pa.go.kr:8888/dams/DOCUMENT/2010/10/06/DOC/SRC/0104201010064661200046612012503.PDF,국내
1314544,노태우,대학(大學) 총(總)·학장(學長) 초청 오찬(午餐) 인사말,1992-08-20,http://dams.pa.go.kr:8888/dams/DOCUMENT/2010/10/06/DOC/SRC/0104201010064661300046613012504.PDF,국내
1314545,노태우,한(韓)·중(中) 수교(修交)에 즈음한 특별담화,1992-08-24,http://dams.pa.go.kr:8888/dams/DOCUMENT/2010/10/06/DOC/SRC/0104201010064661400046614012505.PDF,국내
1314546,노태우,민주자유당(民主自由黨) 총재직(總裁職) 사퇴선언,1992-08-25,http://dams.pa.go.kr:8888/dams/DOCUMENT/2010/10/06/DOC/SRC/0104201010064661500046615012506.PDF,국내
1314547,노태우,세라노 엘리아스 과테말라 대통령(大統領) 공식환영식(公式歡迎式) 환영사,1992-08-27,http://dams.pa.go.kr:8888/dams/DOCUMENT/2010/10/06/DOC/SRC/0104201010064661600046616012507.PDF,국내
1314548,노태우,세라노 엘리아스 과테말라 대통령내외(大統領內外)를 위한 만찬(晩餐) 만찬사,1992-08-27,http://dams.pa.go.kr:8888/dams/DOCUMENT/2010/10/06/DOC/SRC/0104201010064661700046617012508.PDF,국내
1314549,노태우,김영삼(金泳三) 민주자유당(民主自由黨) 총재(總裁) 취임 축하연(祝賀宴) 인사말,1992-08-28,http://dams.pa.go.kr:8888/dams/DOCUMENT/2010/10/06/DOC/SRC/0104201010064661800046618012509.PDF,국내
1314550,노태우,제29차 세계조경가협회(世界造景家協會) 한국총회에 보내는 축하(祝賀) 메시지,1992-08-31,http://dams.pa.go.kr:8888/dams/DOCUMENT/2010/10/06/DOC/SRC/0104201010064661900046619012510.PDF,국내
1314551,노태우,러시아 ITAR-TASS 통신(通信) 서면회견,1992-08-31,http://dams.pa.go.kr:8888/dams/DOCUMENT/2010/10/06/DOC/SRC/0104201010064662000046620012511.PDF,국내
1314553,노태우,중도일보(中都日報) 복간(復刊) 4주년 기념(紀念) 특별회견,1992-09-01,http://dams.pa.go.kr:8888/dams/DOCUMENT/2010/10/06/DOC/SRC/0104201010064662200046622012513.PDF,국내
1314552,노태우,경인일보(京仁日報) 창간(創刊) 32주년 기념(紀念) 특별회견,1992-09-01,http://dams.pa.go.kr:8888/dams/DOCUMENT/2010/10/06/DOC/SRC/0104201010064662100046621012512.PDF,국내
1314554,노태우,일본(日本) NHK-TV 특별회견,1992-09-03,http://dams.pa.go.kr:8888/dams/DOCUMENT/2010/10/06/DOC/SRC/0104201010064662300046623012514.PDF,국내
1314555,노태우,자유로(自由路) 건설 준공식(竣工式) 연설,1992-09-08,http://dams.pa.go.kr:8888/dams/DOCUMENT/2010/10/06/DOC/SRC/0104201010064662400046624012515.PDF,국내
1314556,노태우,미국(美國) 「The New York Times」지(紙) 회견,1992-09-17,http://dams.pa.go.kr:8888/dams/DOCUMENT/2010/10/06/DOC/SRC/0104201010064662500046625012516.PDF,국내
1314557,노태우,대통령(大統領)의 중립선거관리내각(中立選擧管理內閣) 구성 결단과 관련한 청와대(靑瓦臺) 대변인(代辯人) 발표문,1992-09-18,http://dams.pa.go.kr:8888/dams/DOCUMENT/2010/10/06/DOC/SRC/0104201010064662600046626012517.PDF,국내
1314561,노태우,뉴욕 교민 초청(僑民 招請) 리셉션 인사말,1992-09-20,http://dams.pa.go.kr:8888/dams/DOCUMENT/2010/10/06/DOC/SRC/0104201010064663000046630012521.PDF,국내
1314558,노태우,전자신문(電子新聞) 창간(創刊) 10주년 축하(祝賀) 메시지,1992-09-22,http://dams.pa.go.kr:8888/dams/DOCUMENT/2010/10/06/DOC/SRC/0104201010064662700046627012518.PDF,국내
1314562,노태우,제47차 유엔총회(總會) 기조연설,1992-09-22,http://dams.pa.go.kr:8888/dams/DOCUMENT/2010/10/06/DOC/SRC/0104201010064663100046631012522.PDF,국내
1314559,노태우,중앙일보 창간(中央日報 創刊) 27주년 기념(紀念) 특별회견,1992-09-22,http://dams.pa.go.kr:8888/dams/DOCUMENT/2010/10/06/DOC/SRC/0104201010064662800046628012519.PDF,국내
1314564,노태우,유엔 방문(訪問) 수행기자단 간담회,1992-09-23,http://dams.pa.go.kr:8888/dams/DOCUMENT/2010/10/06/DOC/SRC/0104201010064663300046633012524.PDF,국내
1314563,노태우,미국(美國) 아시아협회(協會) 주최 연례만찬 연설,1992-09-23,http://dams.pa.go.kr:8888/dams/DOCUMENT/2010/10/06/DOC/SRC/0104201010064663200046632012523.PDF,국내
1314566,노태우,재중 동포(在中 同胞) 초청 리셉션 연설,1992-09-27,http://dams.pa.go.kr:8888/dams/DOCUMENT/2010/10/06/DOC/SRC/0104201010064663500046635012526.PDF,국내
1314565,노태우,중화인민공화국(中華人民共和國) 국빈(國賓) 방문(訪問) 출국인사,1992-09-27,http://dams.pa.go.kr:8888/dams/DOCUMENT/2010/10/06/DOC/SRC/0104201010064663400046634012525.PDF,국내
1314560,노태우,흥콩 「South China Morning Post」지(紙) 서면회견,1992-09-27,http://dams.pa.go.kr:8888/dams/DOCUMENT/2010/10/06/DOC/SRC/0104201010064662900046629012520.PDF,국내
1314567,노태우,한·중 경제인(經濟人) 초청 오찬(午餐) 연설,1992-09-28,http://dams.pa.go.kr:8888/dams/DOCUMENT/2010/10/06/DOC/SRC/0104201010064663600046636012527.PDF,국내
1314568,노태우,중국방문(中國訪問) 결산(決算) 내외신(內外信) 합동 기자회견,1992-09-29,http://dams.pa.go.kr:8888/dams/DOCUMENT/2010/10/06/DOC/SRC/0104201010064663700046637012528.PDF,국내
1314570,노태우,한(韓)·중(中) 정상회담(頂上會談) 결과 공동(共同) 언론 발표문,1992-09-30,http://dams.pa.go.kr:8888/dams/DOCUMENT/2010/10/06/DOC/SRC/0104201010064663900046639012530.PDF,국내
1314569,노태우,중국방문(中國訪問) 수행기자단 간담회,1992-09-30,http://dams.pa.go.kr:8888/dams/DOCUMENT/2010/10/06/DOC/SRC/0104201010064663800046638012529.PDF,국내
1314571,노태우,중화인민공화국(中華人民共和國) 국빈(國賓) 방문(訪問) 귀국인사,1992-09-30,http://dams.pa.go.kr:8888/dams/DOCUMENT/2010/10/06/DOC/SRC/0104201010064664000046640012531.PDF,국내
1314572,노태우,광양제철소(光陽製鐵所) 종합준공식(綜合竣工式) 연설,1992-10-02,http://dams.pa.go.kr:8888/dams/DOCUMENT/2010/10/06/DOC/SRC/0104201010064664100046641012532.PDF,국내
1314573,노태우,민주자유당(民主自由黨) 중앙당사(中央黨舍) 고별방문 연설,1992-10-05,http://dams.pa.go.kr:8888/dams/DOCUMENT/2010/10/06/DOC/SRC/0104201010064664200046642012533.PDF,국내
